id,username,text,label
1.53848E+18,cekfaktacom, Perhelatan Puncak Balapan Formula E Sepi Penonton    Beredar video yang diunggah oleh akun Facebook bernama Erikprayogi Erikprayogi terkait sepinya penonton pada ajang perhelatan puncak balapan Formula E yang diselenggarakan di Jakarta pada tanggal 4 Juni 2022 lalu.  https://t.co/6i345CL4rp,0
1.53848E+18,cekfaktacom,"Faktanya, Komisaris PT Persib Bandung Bermartabat (PBB), Umuh Muchtar menyatakan bahwa informasi terkait diadakannya nonton gratis pertandingan sepakbola antara Persib Bandung dan Bali United di Stadion GBLA adalah informasi salah atau hoax.",0
1.53848E+18,cekfaktacom, Nonton Gratis Pertandingan Sepakbola Antara Persib Bandung dan Bali United di Stadion GBLA  https://t.co/gno27PK20p,0
1.53806E+18,cekfaktacom, Albert Einstein: ‚ÄúKejahatan ada ketika manusia tidak memiliki kehadiran Tuhan di dalam hatinya.‚Äù    Akun Facebook Saladin menyebarluaskan narasi mengenai Albert Einstein yang mengatakan bahwa kejahatan ada ketika manusia tidak memiliki kehadiran Tuhan di hatinya.  https://t.co/QipvVMKaiT,0
1.53806E+18,cekfaktacom, Surat Pengangkatan Tenaga Honorer Menjadi PNS Tahun 2022 Oleh Menteri PANRB  https://t.co/8oWnxJ90MV,0
1.53806E+18,cekfaktacom, POSTER FESTIVAL LELANG TAHUNAN OLEH DJKN  https://t.co/vhXFNkTcSW,0
1.53805E+18,cekfaktacom, Menko Luhut Minta Warga dan Para Lansia Tidak Keluar Rumah Selama Sebulan ke Depan    Beredar pesan yang dibagikan ulang berkali-kali yang memperlihatkan judul dari dua berita Liputan 6 mengenai Menko Luhut.  https://t.co/BCnF7EaY2j,0
1.53768E+18,cekfaktacom, Meminum Rebusan Tepung Kanji Dan Gula Merah Secara Rutin Dapat Menyembuhkan Asam Lambung    Beredar sebuah unggahan di media sosial yang mengklaim bahwa meminum rebusan tepung kanji dan gula merah secara rutin dapat menyembuhkan asam lambung.  https://t.co/xRNj4uJ7iH,0
1.53768E+18,cekfaktacom,: Cara Cek Asam Urat Normal Atau Tidak Dengan Menekuk Semua Jari Menyentuh Telapak Tangan    Sebuah akun Tiktok mengunggah video yang memperlihatkan gerakan jari yang diklaim bisa mengecek apakah seseorang memiliki asam urat normal atau tidak.  https://t.co/NWm1L3rb95,0
1.53735E+18,cekfaktacom, Acha Septriasa Meninggal Dunia  Beredar sebuah narasi di media sosial Facebook oleh akun Villa Chipoy yang menginformasikan bahwa Acha Septriasa meninggal dunia.  https://t.co/aqf5reLgmx,0
1.53735E+18,cekfaktacom," Foto ‚ÄúMasjid Meledak di kota Narayanganj, Bangladesh saat sholat Sebanyak 120 Jamaah Meninggal Dunia‚Äù  https://t.co/4dqN9BcTaP",0
1.53735E+18,cekfaktacom, ‚ÄúWaspada! Seluruh Pasien Cacar Monyet di Spanyol adalah Penyuka Sesama Jenis alias Homo‚Äù  https://t.co/4FExgHfk9c,0
1.53707E+18,cekfaktacom, Video ‚ÄúAceh siapkan Haji lepas dari Menag‚Äù  Akun Twitter dengan nama pengguna ‚ÄúTatum_alattas‚Äù mengunggah sebuah video yang menunjukkan pernyataan salah satu anggota dewa terkait Aceh yang menyiapkan pelaksanaan haji yang terlepas dari Kementerian Agama.,0
1.53707E+18,cekfaktacom, Panggilan Interview Kerja oleh PT Petrogas Jatim Utama Melalui WhatsApp  Beredar informasi melalui WhatsApp terkait dengan panggilan interview kerja di PT Petrogas Jatim Utama.  https://t.co/gUicUWExn2,0
1.53707E+18,cekfaktacom, Tiket Masuk Candi Borobudur naik karena patung ‚ÄúI Gede Utange Jokowi‚Äù  Beredar sebuah postingan gambar oleh akun facebook Yarpin Siregar pada 12 Juni 2022.  https://t.co/wKe9ylJztA,0
1.53707E+18,cekfaktacom, Video iring-iringan jenazah Eril  Beredar sebuah postingan video oleh akun TikTok dunia_konten_ pada 12 Juni 2022. Video pada postingan tersebut diklaim merupakan iring-iringan jenazah Eril yang dipulangkan ke Indonesia.  https://t.co/g5JyUiNglG,0
1.53668E+18,cekfaktacom, Video ‚ÄúHati2 buah tak berbiji berbahaya dan haram‚Äù  Akun Facebook dengan nama pengguna ‚ÄúAiiu Sep Tika‚Äù mengunggah sebuah video yang menyatakan bahwa buah tanpa biji hasil rekayasa genetik dapat menyebabkan dampak berbahaya bagi kesehatan manusia.  https://t.co/jCItCbvhzI,0
1.53668E+18,cekfaktacom,"Faktanya, foto yang diunggah di Twitter tersebut merupakan foto Kota Seattle, bukan salah satu kota di Jawa Tengah.  Selengkapnya di  https://t.co/v6Z2aVYxaK #cekfakta #periksafakta",0
1.53668E+18,cekfaktacom, Foto Kota di Jawa Tengah  Akun Twitter @/Ozil855282201 mengunggah sebuah foto yang diklaim sebagai foto Kota Semarang di Jawa Tengah. Akun tersebut juga menyuarakan rasa kasihannya terhadap warga Jawa Tengah.  https://t.co/7AFFBdrCH0,0
1.53668E+18,cekfaktacom, Surya Paloh Sebut Anies Baswedan adalah Kandidat Capres 2024 dari Partai Nasdem  https://t.co/iFU8x4QuG2,0
1.53628E+18,cekfaktacom, Formula E Tidak Disiarkan oleh TV Nasional  Beredar sebuah unggahan di media sosial Facebook tentang gelaran balap Formula E yang diklaim tidak ditayangkan secara langsung oleh TV Nasional. Klaim ini kemudian diunggah pada tanggal 4 Juni 2022.  https://t.co/eOqLDMVroM,0
1.53628E+18,cekfaktacom, Ilmuwan Pembuat Virus Corona Telah Ditangkap  https://t.co/4ha8sltZeN,0
1.53628E+18,cekfaktacom,"Faktanya, vaksin aman digunakan dan belum ada kematian massal akibat vaksin. Selain itu beberapa klaim dalam video yang dijadikan rujukan dalam narasi tersebut salah dan menyesatkan.  Selengkapnya di  https://t.co/Zo0bI4QFUM #cekfakta #periksafakta",0
1.53628E+18,cekfaktacom, Vaksin Merupakan Praktik Depopulasi Rakyat  https://t.co/2f5zvoLNfa,0
1.53562E+18,cekfaktacom,"Faktanya, klaim tentang Ruben Onsu meninggal, salah. Ruben dilarikan ke ICU karena membutuhkan darah dalam waktu cepat, diketahui bahwa Ruben Onsu mengalami darah rendah.  Selengkapnya di  https://t.co/2wzCtXdd8w #cekfakta #periksafakta",0
1.53562E+18,cekfaktacom, Detik ‚Äì Detik Terakhir ruben onsu sebelum meninggal dunia  https://t.co/IwVc7awf4G,0
1.53521E+18,cekfaktacom, PERTOLONGAN PERTAMA TERKENA MINYAK GORENG ATAU AIR PANAS DENGAN TEPUNG  Beredar kembali di platform Facebook klaim tentang tepung terigu yang menjadi pertolongan pertama luka bakar akibat terkena minyak goreng atau air panas.  https://t.co/UkyMVCsyGM,0
1.53521E+18,cekfaktacom, Kerokan Kulit Batang Pohon Mangga Dapat Mengobati Sakit Gigi  Sebuah akun Facebook mengunggah informasi yang mengklaim bahwa kulit batan pohon mangga memiliki khasiat untuk menyebuhkan sakit gigi akibat gigi berlubang.  https://t.co/styhd1x366,0
1.53519E+18,cekfaktacom," Indra Kenz Telah Dipulangkan dan Semua Asetnya Dikembalikan  Kabar tentang tersangka kasus investasi ilegal Binary Option Binomo, Indra Kenz telah dipulangkan dan semua asetnya dikembalikan beredar di media sosial.  https://t.co/iI4h2jMZLU",0
1.53519E+18,cekfaktacom, Foto ‚ÄúPantai Ancol dipenuhi belasan ribua turis asing menanti gelaran #FormulaE‚Äù  https://t.co/mtKqNZtSvW,0
1.53309E+18,cekfaktacom, Singa Ini Menggali Kuburan Sendiri  Akun Facebook lsn Ledokombo membagikan video yang memperlihatkan seekor singa sedang menggali sebuah lubang. Dalam video tersebut terdapat narasi bahwa singa tersebut sedang menggali lubang untuk kuburannya sendiri.  https://t.co/rYNeufAtkX,0
1.53309E+18,cekfaktacom, Link kuesioner berhadiah all new scoopy  Beredar sebuah pesan berantai melalui Whatsapp yang menyebutkan PT Astra Honda Motor membagikan hadiah berupa all new scoopy dengan cara mengisi kuesioner yang terdapat pada link  https://t.co/oTgYUpaAof,0
1.53309E+18,cekfaktacom, Foto Kebakaran Hutan di Pakistan  https://t.co/wFblqzEdwQ,0
1.53309E+18,cekfaktacom, Terapi Pijat untuk Anak Delay Speech (Lambat Bicara)  Beredar sebuah video di media sosial mengenai pijat terapi untuk mengatasi masalah delay speech (lambat bicara) pada anak. Dalam video tersebut menunjukkan seorang anak yang dipijat pada bagian muka dan telinga.  https://t.co/5oxtOnz9Su,0
1.53274E+18,cekfaktacom," Eks Danjen Kopassus: ‚ÄúBuzzer Anies Makhluk Pemakan Bangkai, Tukang Fitnah dan Adu Domba‚Äù  https://t.co/5ROondNH4J",0
1.53274E+18,cekfaktacom, Ayah Jokowi Bernama Widjiatno Merupakan Anggota PKI: ‚ÄúJokowi Asli PKI Tulen!‚Äù  https://t.co/gONquTC5q0,0
1.53235E+18,cekfaktacom, Mobil Esemka Bakal Ikut Formula E Jakarta  Beredar di media sosial postingan yang menyebut mobil Esemka akan ikut dalam ajang balap Formula E Jakarta. Postingan itu beredar sejak tengah pekan ini.  https://t.co/gywlKdq8B4,0
1.53235E+18,cekfaktacom," Video Padang Bulan Medan Turun Salju  Video yang diklaim Padang Bulan, Medan, Sumatera Utara turun salju ternyata tidak benar. Faktanya, sebagian jalan di Padang Bulan bukan tertutup salju, melainkan busa.  https://t.co/2jdKqY7AfE",0
1.53194E+18,cekfaktacom, Wujud Bebek dan Tikus Hasil Gabungan Kedua DNAnya  Akun Facebook Ncep R membagikan video TikTok yang berjudul ‚Äúbeginilah bentuk Bebek dan tikus jika DNA nya di gabungkan‚Äù pada grup Potret Ketololan Kaum TikTok.  https://t.co/pImdVzv48U,0
1.53194E+18,cekfaktacom, Pemberian Hadiah Senilai Rp35 Juta dari Indonesia Giveaway Trans7 yang Dipandu Baim Wong dan Paula Verhoeven  https://t.co/DBtzMYrcvb,0
1.53194E+18,cekfaktacom, Vaksin Covid-19 Dapat Sebabkan AIDS Sampai Cacar Monyet  Beredar sebuah narasi di media sosial Facebook yang menyebutkan bahwa vaksin Covid 19 dapat menyebabkan imunodefisiensi di dalam tubuh manusia.  https://t.co/g1RMgcrDuL,0
1.53194E+18,cekfaktacom,"Faktanya, informasi tersebut salah. Pria yang terdapat di foto tersebut bukan ayah dari Walikota Bangkok, Chadchart Sittipunt, tetapi seorang Letnan Kolonel Polisi bernama Watcharin Niamvanichkul.  Selengkapnya di  https://t.co/cogVqnbJEy #cekfakta #periksafakta",0
1.53194E+18,cekfaktacom, Foto Ayah Walikota Bangkok yang Terlibat dalam Pembunuhan Besar-besaran di Thailand pada 1976  https://t.co/t1kaHrUBF1,0
1.53144E+18,cekfaktacom," ‚ÄúInnalillahi üò≠ üò≠ Detik-Detik Ular Piton Tel4n Seorang Bocah Hidup-Hidup, Sang Ayah Tidak Hanya Bisa Pasrah üò≠üò≠‚Äù  https://t.co/kJOMib4kfu",0
1.53144E+18,cekfaktacom, Anies Melarikan Diri Ke Eropa  https://t.co/cGuNf9w4Q2,0
1.53129E+18,cekfaktacom, DPW Partai NasDem DIY Buat Baliho Dukung Anies Baswedan untuk Pemilu Presiden 2024  Beredar sebuah foto baliho dari DPW Partai Nasdem Provinsi D.I. Yogyakarta yang mengusung Anies Baswedan sebagai calon presiden Indonesia untuk pemilu tahun 2024.  https://t.co/868eNfpAUo,0
1.53078E+18,cekfaktacom,"Keliru, Pemimpin Umat Katolik Sedunia Memeluk Islam pada 2022 dan Menyebabkan 16 Orang Terkena Serangan Jantung  Video dengan klaim pemimpin Katolik sedunia memeluk Islam, dibagikan salah satu akun di Facebook pada 24 Mei 2022.  https://t.co/Tu6G2Yqp9R",0
1.53078E+18,cekfaktacom, Gambar Spanduk Bertuliskan ‚ÄúMASJID INI TIDAK MENSHOLATKAN JENAZAH YANG TIDAK MEMBELI TIKET FORMULA E‚Äù  https://t.co/moocu9j5n5,0
1.53078E+18,cekfaktacom," Meteor Jatuh di Lapangan Tanjur Bumi Bangkalan  Akun Twitter @/Wongcerbon9661 menulis cuitan bahwa sebuah meteor telah jatuh di lapangan Tanjung, Bumi Bangkalan, Jawa Timur pada 3 Mei lalu.  https://t.co/ax3CaeIswL",0
1.53078E+18,cekfaktacom, Boba nyangkut di usus buntu gak bisa dicerna  Beredar kembali unggahan video yang memperlihatkan seorang dokter membawa sebuah kantung yang ketika dibelah mengeluarkan butiran butiran hitam yang diklaim sebagai boba.  https://t.co/Z4a0MWO2PG,0
1.5304E+18,cekfaktacom, Foto Wisuda Jokowi  Sebuah akun Facebook mengunggah foto yang memperlihatkan sosok Jokowi dan diklaim merupakan momen saat Jokowi diwisuda.  https://t.co/NHEAEe7xTs,0
1.52935E+18,cekfaktacom," Akun WhatsApp Wakil Bupati Bantul dengan Nomor ‚Äú081213408053‚Äù Memberikan Donasi  Beredar sebuah akun WhatsApp yang mengatasnamakan Wakil Bupati Bantul, yaitu Joko. B. Purnomo terkait dengan pemberian donasi.  https://t.co/akYfDcQaLb",0
1.52935E+18,cekfaktacom, Akun WhatsApp Bupati Enrekang Melakukan Penggalangan Donasi Berupa Uang Untuk Pondok Pesantren dan PAUD  https://t.co/mlB8aix9xu,0
1.52935E+18,cekfaktacom,"Faktanya, klaim tersebut salah. Vaksin mRNA tidak menyebabkan hepatitis.  Selengkapnya di  https://t.co/rZfFopBxQM #cekfakta #periksafakta",0
1.52935E+18,cekfaktacom, Vaksin mRNA Menyebabkan Hepatitis Pada Anak  https://t.co/izphDIrmVY,0
1.52935E+18,cekfaktacom,"Faktanya, klaim tersebut salah. Vaksin mRNA menurut penelitian dianjurkan untuk kehamilan karena meningkatkan antibodi ibu dan janin.  Selengkapnya di  https://t.co/wWzgwVS1QI #cekfakta #periksafakta",0
1.52935E+18,cekfaktacom, Vaksin mRNA Tidak Direkomendasikan Selama Kehamilan  Beredar sebuah narasi oleh akun Twitter @/yo2thok yang mengatakan bahwa vaksin mRNA tidak direkomendasikan kepada ibu hamil.  https://t.co/9xZ8UIaDcW,0
1.52894E+18,cekfaktacom, Foto ‚ÄúRemaja ini Tebas Leher Ayahnya karena Sakit Hati Adik Dihamili 3 Bulan dan Ibunya Disiram Minyak Panas‚Äù  https://t.co/ohtfdu1KjZ,0
1.52894E+18,cekfaktacom, Video Perampokan Bersenjata Tewaskan Tiga Orang di Citra 6  Beredar di media sosial postingan video yang menyebut ada perampokan bersenjata yang menewaskan tiga orang di Citra 6. Postingan itu beredar sejak tengah pekan ini.  https://t.co/eMuU05Q4Fz,0
1.52864E+18,cekfaktacom, Akun WhatsApp Wali Kota Malang Sutiaji ‚Äú083870256204‚Äù  https://t.co/FJtF24HPvY,0
1.52863E+18,cekfaktacom, Akun Whatsapp Wakil Wali Kota Malang Sofyan Edi Jarwoko ‚Äú083822041010‚Äù  https://t.co/f4FiMNKq3l,0
1.52863E+18,cekfaktacom,"Faktanya, informasi tersebut salah. Dilansir dari akun Instagram resmi @kemensetneg.ri mengonfirmasi bahwa Kemensetneg tidak pernah menerbitkan surat yang beredar tersebut.  Selengkapnya di  https://t.co/LhdSAu75da #cekfakta #periksafakta",0
1.52863E+18,cekfaktacom," Surat Penetapan Penjabat Gubernur Papua Barat Mengatasnamakan Deputi Bidang Administrasi Aparatur, Kementerian Sekretariat Negara  https://t.co/MRiP4xnEEl",0
1.52863E+18,cekfaktacom, Spanduk McDonalds Bertuliskan ‚ÄúHey Crypto Bro‚Äôs WE ARE HIRING‚Äù  https://t.co/Fhvyx5ZTjo,0
1.52818E+18,cekfaktacom,"Faktanya, tidak ditemukan informasi resmi dan valid mengenai klaim bahwa 212 Mart menjadi salah satu sponsor ajang balap mobil listrik Formula E di Jakarta yang akan diselenggarakan pada Juni 2022 mendatang.  Selengkapnya di  https://t.co/VHo5iyysAC #cekfakta #periksafakta",0
1.52818E+18,cekfaktacom,: 212 Mart Adalah Sponsor Resmi ajang Formula E  Sebuah akun Facebook mengunggah postingan berupa narasi yang mengklaim bahwa 212 Mart merupakan sponsor resmi ajang balap Formula E yang akan dilangsungkan di Jakarta pada Juni 2022 mendatang.  https://t.co/lx9r5DT04v,0
1.52818E+18,cekfaktacom, ‚ÄúInnalilahi wainnailaihi Rojiun ‚Ä¶ Tragis Lettu Marinir Muhammad Ikbal Gugur Ditembak KKB Saat Sujud Sholat Isya‚Äù  https://t.co/hVAn321Kno,0
1.52797E+18,cekfaktacom, Berita CNN ‚ÄúAnggota Polisi Ini Dimutasi ke Papua Barat karena Anaknya Hina Idol K-Pop‚Äù  https://t.co/oRHvFvCVbD,0
1.52797E+18,cekfaktacom, Umat Muslim Memblokade Jalanan di Perancis dengan Salat Berjamaah  https://t.co/jMEsp9AAHZ,0
1.52796E+18,cekfaktacom, ‚ÄúWow Akhirnya Kang Elon Musk Bikin Tweet Kunjungan Presiden Jokowi‚Äù  Beredar postingan di Twitter oleh akun bernama @/PelatihBart yang memposting sebuah hasil screenshoot dari akun Twitter Elon Musk (@/elonmusk).  https://t.co/yyyILw7GtK,0
1.52796E+18,cekfaktacom, Video Anak Dinosaurus Berkeliaran  https://t.co/M3pDB6eYg6,0
1.52762E+18,cekfaktacom, Berita CNN tentang Dokter Terawan yang Menemukan Pengganti Insulin  Akun Facebook dengan nama pengguna ‚ÄúArthur Mumu‚Äù mengunggah dua buah foto hasil tangkapan layar dari berita CNN Indonesia yang memberitakan bahwa Dokter Terawan berhasil menemukan pengganti insulin.  https://t.co/BGHd6Hvopa,0
1.52762E+18,cekfaktacom, ‚ÄúJokowi beri isyarat nempak nya akan mundur sehabis lebaran ini. Kegagalan membayar Utang dan kemarahan rakyat akibat kabinet nya gagal kelola negara adalag Faktor utama nya‚Äù  https://t.co/eMh1eMXAbR,0
1.52761E+18,cekfaktacom,: Rumah Ustadz Abdul Somad Terbakar  https://t.co/teZQnS5J0m,0
1.52761E+18,cekfaktacom,: Botol Minuman Yang Dipegang Jokowi Dan Elon Musk Merupakan Alat Penerjemah Canggih  https://t.co/I2hFY9tX6e,0
1.52761E+18,cekfaktacom, Foto Seorang Lelaki Tetap Salat Meski Tentara Israel Membakarnya  Terdapat foto yang beredar lewat aplikasi percakapan WhatsApp dengan klaim foto lelaki tetap meneruskan salat meski tentara Israel membakarnya.  https://t.co/gnQxJDMlEv,0
1.52727E+18,cekfaktacom, Video ‚Äúhackers enter indo TV‚Äù  Beredar video Tiktok dengan narasi ‚Äúhackers enter indo TV great very‚Äù dan ‚Äúhackers strongest on earth‚Äù.  https://t.co/ZLw1zXmjCx,0
1.52726E+18,cekfaktacom,"Faktanya, klaim pijat telapak tangan yang dapat menyembuhkan penyumbatan jantung tersebut salah.",0
1.52726E+18,cekfaktacom," Pijatan Telapak Tangan untuk Sembuhkan Penyumbatan Jantung  Beredar video 31 detik melalui pesan whatsapp, yang menampilkan seorang pria memijat tangan. Pesan disertai narasi bahwa latihan yang ditunjukkan pria tersebut diklaim dapat menyembuhkan jantung tersumbat.  https://t.co/rvnBIMRuvP",0
1.52694E+18,cekfaktacom, Foto Warga Italia Buang Uang ke Jalan  Terdapat unggahan yang menampilkan dua foto benda berbentuk lembaran putih persegi panjang berserakan di jalan. Informasi tersebut beredar lewat aplikasi percakapan WhatsApp dengan klaim foto warga Italia membuang uang ke jalan.  https://t.co/b18aDNTMOw,0
1.52693E+18,cekfaktacom, Foto ‚ÄúGus Ragil dan Gus Yaqut‚Äù  https://t.co/uaqNWs5v2d,0
1.52693E+18,cekfaktacom," ‚ÄúPresiden AS Menjemput PM Singapura, sementara Jokowi hanya Dijemput Dubes Indonesia untuk AS.‚Äù  https://t.co/oKH2g5Vbic",0
1.52654E+18,cekfaktacom, Pesan Berantai Subsidi Biaya Komunikasi Rp 2 Juta dari PT Telkom Indonesia  Beredar di media sosial pesan berantai yang menawarkan subsidi biaya komunikasi Rp 2 juta dari PT Telkom Indonesia. Pesan berantai itu ramai dibagikan sejak awal pekan ini.  https://t.co/HQwTqFgQNV,0
1.52583E+18,cekfaktacom," ‚ÄúINNALILAHI WA INNAILAIHI ROJI‚ÄôUNüò≠üò≠, Bertepatan Hari Ini 10 Mei 2022, Ammar Zoni Dan Wisnu Meninggal Dunia Tertabrak Mobil, Tangis Sang Istri Pecahüò≠üò≠‚Äù  https://t.co/DTbaQ2O35E",0
1.52581E+18,cekfaktacom, Nomor WhatsApp BCA +61280034998 Menawarkan Layanan Upgrade BCA Prioritas  https://t.co/8NXQERq13A,0
1.52541E+18,cekfaktacom," Narkotika Jenis Kokain yang Siap Konsumsi Terdapat di Meja Kerja Presiden Ukraina  Beredar sebuah video yang memperlihatkan kegiatan Presiden Ukraina, Volodymyr Zelenskyy yang sedang melakukan pertemuan dengan beberapa pihak secara virtual.  https://t.co/jV9C787Ykv",0
1.52541E+18,cekfaktacom,"Faktanya, teks terjemahan yang dimuat dalam video yang beredar tersebut merupakan teks terjemahan yang salah dan masuk ke dalam kategori konten yang menyesatkan.  Selengkpanya di  https://t.co/ET9Af8MqlX #cekfakta #periksafakta",0
1.52541E+18,cekfaktacom," Volodymyr Zelenskyy Pecandu Kokain  Beredar sebuah video yang menjelaskan tentang Presiden Ukraina, yaitu Volodymyr Zelenskyy yang mengemukakan pendapatnya terkait dengan kokain.  https://t.co/HKLsPV7B1o",0
1.52541E+18,cekfaktacom, Link Kuesioner PLN Berhadiah 2.000.000  https://t.co/6p1tWJt0RK,0
1.5254E+18,cekfaktacom," ‚ÄúPerahu wisatawan di hantam ombak laut Pangandaran‚Äù  Akun Facebook Opay Channel membagikan sebuah video berdurasi 30 detik. Dalam video tersebut memperlihatkan sebuah perahu yang dihantam ombak kemudian terbalik,  https://t.co/ywX7MujDmM",0
1.52511E+18,cekfaktacom, Pilot Selfie Saat Pesawat Sedang Terbang Untuk Meyakinkan Istri  https://t.co/OAq7ahroof,0
1.52511E+18,cekfaktacom,": Selamat Jalan, Ari Lasso Dikuburkan di Klegen Kartoharjo  https://t.co/R5Wq8a6cA0",0
1.52503E+18,cekfaktacom,: Seorang Pemuda Membuang Uang Tabungannya di Jalan Karena Depresi Ditinggal Nikah oleh Kekasihnya  https://t.co/HfLXqqMYtH,0
1.52441E+18,cekfaktacom,"Klaim tersebut salah, faktanya video yang ditampilkan tersebut merupakan cuplikan dari film Thale (2012) yang bergenre horor supernatural asal Swedia, klaim tersebut tidak mendasar dan tidak ada kaitannya dengan ras reptil yang diklaim merupakan penduduk asli bumi.",0
1.52441E+18,cekfaktacom," Video Ras Reptil ‚ÄúCiakahrr‚Äù, Penduduk Asli Bumi  Beredar sebuah unggahan video di Twitter yang menunjukkan sebuah makhluk misterius yang diklaim merupakan ras reptil ‚ÄúCiakahrr‚Äù yang merupakan penduduk asli bumi.  https://t.co/9FDQhC1xAt",0
1.5244E+18,cekfaktacom," Foto ‚ÄúPesta Pernikahan Berubah Jadi Duka, 25 Orang T3was Termasuk Kedua Pengantin Di Tempat‚Äù  https://t.co/cpxpOieNm4",0
1.52294E+18,cekfaktacom," Video ‚Äúulil amri wahabi semakin stress, dia membuat kode2 biadab‚Äù  https://t.co/97kseyk2tr",0
1.52293E+18,cekfaktacom," Innalillahi, Kronologi ‚ÄòBerpulangnya‚Äô Stefan William Akibat Kecelakaan Saat Syuting Sinetron  https://t.co/rrOJT0NbVE",0
1.52293E+18,cekfaktacom," Artikel berjudul ‚ÄúYusuf Mansur melelang motor antiknya seharga 1 milyar, Ini tanggapan Netizen‚Äù  https://t.co/Olu6iMNcWg",0
1.52293E+18,cekfaktacom, ‚ÄúSholat Ied di Mesjid Istiqlal 300 ribu orang meluber sampai halaman Gereja Katedral..adem‚Äù  https://t.co/C9UVZuJzcl,0
1.52256E+18,cekfaktacom, ‚ÄúGERD menekan jantung hingga tidak berfungsi‚Äù  https://t.co/WvpRyMvrjb,0
1.5225E+18,cekfaktacom, Video ‚ÄúWNA dari China calon penghuni IKN sudah mulai berdatangan mempergunakan Tradisi pakaian adat Dayak Kalimantan‚Äù  https://t.co/DbyqAhSozH,0
1.5225E+18,cekfaktacom, INNALILLAHI!! Kabar Duka Andika Pratama Men1nggal Ak1b4t Tert1mp4 Batu Saat Latihan  https://t.co/E0wCz9YjAC,0
1.52213E+18,cekfaktacom,"SUMBER membagikan video yang dibuat dari postingan Instagram tahun 2015 oleh (ROMCHIK) dan video komedi ‚ÄúSaving Private Remi‚Äù tahun 2009 oleh YouTuber Prancis R√©mi Gaillard dengan informasi kontekstual palsu, yang menyebabkan kesimpulan SALAH.",0
1.52213E+18,cekfaktacom, Video ‚ÄúPenjajah Rusia membuat TikTok‚Äù  https://t.co/2zih3XgTsT,0
1.52209E+18,cekfaktacom, Video Dukungan Jokowi 3 Periode  Akun bernama Wibowo Wibowo mengunggah sebuah video dengan narasi yang menyatakan bahwa video tersebut adalah acara dukungan kepada Jokowi untuk maju 3 periode.  https://t.co/CYlU68wAOr,0
1.53803E+18,detikcom,Sebuah foto polisi melakukan razia lalu lintas dan diberi narasi penilangan bagi yang menggunakan sandal jepit beredar di Semarang. Hal itu adalah hoax.  https://t.co/0xr0sZ9OXt,0
1.53679E+18,detikcom,Video viral dengan narasi 'Tol Becakayu ambruk' dipastikan hoax. Yang sebenarnya adalah box girder proyek kereta cepat. Ini penampakannya.  https://t.co/K4bhhUgxBD,0
1.53679E+18,detikcom,Video viral dengan narasi 'Tol Becakayu ambruk' dipastikan hoax. KCIC menjelaskan hal yang sebenarnya dari video itu.  https://t.co/0oH7ImRSNh,0
1.53667E+18,detikcom,Video viral 'Tol Becakayu ambruk' dipastikan hoax. Lalin di Jembatan Antilope masih bisa dilintasi kendaraan kecil. Beberapa pengendara menunduk karena kuatir.  https://t.co/bTdj2zgBFS,0
1.53567E+18,detikcom,Kalina justru memberikan pernyataan yang berbeda dengan Gus Miftah yang yakin Azka bakal mualaf. Dia menyebut kabar ini hoax.  https://t.co/EcutByoh3m,0
1.53545E+18,detikcom,Kalina justru memberikan pernyataan yang berbeda dengan Gus Miftah yang yakin Azka bakal mualaf. Dia menyebut bahwa kabar ini hoax.   https://t.co/UnkIyusKc0,0
1.5348E+18,detikcom,Indra Kenz buka suara perihal hoax dirinya sudah bebas dari tahanan melalui surat terbuka. Apa katanya?  https://t.co/8zSSFhtvw5,0
1.5346E+18,detikcom,Tampilan kartu nikah dengan kolom foto 4 istri beredar di media sosial. Kemenag memastikan kartu nikah tersebut hoax.  https://t.co/nka9XwieT6,0
1.53416E+18,detikcom,"Abdul Qadir kerap menyebarkan hoax, mulai dari Pancasila tidak bakal bertahan lama sebagai ideologi negara hingga penggunaan senjata dalam berdemokrasi.  https://t.co/RWMTbTxlUo",0
1.53298E+18,detikcom,"Gerard Pique jadi korban hoax usai dikabarkan selingkuh dengan ibu Gavi, rekan setim sendiri. Nah, kalau 5 kisah berikut ini sungguhan 'teman makan teman'!  https://t.co/9kw1HdK6DR",0
1.53267E+18,detikcom,Polisi telah mengecek kebenaran video tersebut dengan mendatangi lokai. Polisi menyebut video penampakan 'kuntilanak' di Jaktim adalah hoax.  https://t.co/OqxgCn4YST,0
1.53228E+18,detikcom,Delapan warga Jaksel dikabarkan mengalami demam diduga terpapar virus dari tikus. Wagub DKI mengatakan kabar itu hoax.  https://t.co/5Jn2K0FxOh,0
1.53166E+18,detikcom,#Terpopuler MUI DKI meluncurkan Mujahid Cyber untuk melawan hoax dan buzzer. Ketua PBNU Ahmad Fahrur Rozi berharap Mujahid Army tidak digunakan untuk tujuan politik.  https://t.co/Aa40u9X4Wg,0
1.53144E+18,detikcom,MUI DKI meluncurkan Mujahid Cyber untuk melawan hoax dan buzzer. Ketua PBNU Ahmad Fahrur Rozi berharap Mujahid Army tidak digunakan untuk tujuan politik.  https://t.co/FNXWHSift2,0
1.53112E+18,detikcom,Gibran Rakabuming Raka merespons hoax tersebut. Apa kata Gibran?  https://t.co/nm8XuDejOX,0
1.52898E+18,detikcom,"Di sela sakit yang diidap Tukul Arwana, selalu terselip kabar hoax mengenai meninggalnya. Kini keluarga sudah tak mau ambil pusing.  https://t.co/QtCzPLvRLK",0
1.5286E+18,detikcom,"CEO Indonesia Digital Cooperatives, Muhammad Chairul Basyar dikabarkan meninggal dunia. Mantan developer token ASIX itu menegaskan bahwa kabar itu hoax!   https://t.co/UXRznt7VlC",0
1.52773E+18,detikcom,Polisi memastikan narasi perampokan bersenpi tewaskan 3 orang pada video viral adalah hoax. Polisi kini mengusut penyebar hoax itu.  https://t.co/rjH7qO1tmN,0
1.52763E+18,detikcom,"Polisi memastikan video dinarasikan perampokan di Citra 6 Jakbar adalah hoax. Yang benar adalah, polisi mengamankan pelaku tawuran.  https://t.co/zzmE7PVON4",0
1.52574E+18,detikcom,"Lagi-lagi diterpa hoax. Jika dulu difitnah soal mengelus pipi perempuan bukan muhrim, kini Menag Yaqut diterpa hoax 'merangkul Ragil Mahardika'.  https://t.co/YqxO8i7KxV",0
1.47646E+18,detikcom,"Sunny Dahye melapor dugaan pengancaman dan penyebar hoax ke Polres Jakarta Utara. Kini, Sunny Dahye akhirnya menemukan penyebar hoax itu. #SunnyDahye   https://t.co/YQgAvvhREI",0
1.47571E+18,detikcom,"Baru-baru ini geger varian Corona 'Delmicron', gabungan varian Delta dan Omicron. Sudah dipastikan hoax, ternyata begini asal-muasal muncul kabar Delmicron.  https://t.co/HEMmAt6Dj2",0
1.47543E+18,detikcom,"Dunia dihebohkan dengan rumor tentang varian Delmicron yang disebut gabungan antara varian Delta dan Omicron. Namun ternyata, varian ini adalah hoax.  https://t.co/YvYb4UEYTf",0
1.47543E+18,detikcom,"Banyak yang menyangka Delmicron adalah varian Corona baru kombinasi Delta-Omicron. Nyatanya, varian Delmicron hoax belaka.   https://t.co/R1hv5FqVWm",0
1.47535E+18,detikcom,"Varian Delmicron mendadak jadi perbincangan, disebut-sebut gabungan dari COVID-19 varian Delta dan Omicron. Para pakar memastikan informasi ini adalah hoax.  https://t.co/uANi2axzDH",0
1.47523E+18,detikcom,"Varian Delmicron mendadak jadi perbincangan, disebut-sebut gabungan dari COVID-19 varian Delta dan Omicron. Para pakar memastikan informasi ini adalah hoax.  https://t.co/fjmtiSdd21",0
1.47511E+18,detikcom,Epidemiolog Universitas Griffith Dicky Budiman menegaskan kalau varian baru Delmicron atau gabungan varian Delta dan Omicron adalah hoax. Berikut pernyataannya.  https://t.co/eJef11gUjb,0
1.47191E+18,detikcom,Hoax menerpa Menteri Agama Yaqut Cholil Qoumas. Dia disebut-sebut mengelus pipi perempuan yang bukan muhrim. Tantri 'Kotak' pun membela.  https://t.co/6Zrg2WoGsA,0
1.46931E+18,detikcom,Dipastikan hoax! BNI tidak pernah memungut biaya apa pun dari pelamar atau menunjuk agen perjalanan mana pun dalam proses seleksi pegawai.  https://t.co/wO7D2nOF3p,0
1.46877E+18,detikcom,"Santer beredar informasi 4 kasus varian Omicron B.1.1.529 ditemukan di Bekasi, berdomisili di DKI. Dinkes membantahnya, menyebut berita tersebut sebagai hoax.  https://t.co/qbfxEDvEGA",0
1.46875E+18,detikcom,Isu empat warga DKI Jakarta kena Corona varian Omicron bikin heboh. Kepala Dinas Kesehatan Kabupaten Bekasi Sri Enny Mainiarti menegaskan kabar tersebut hoax.  https://t.co/UmSEXu9xXH,0
1.46851E+18,detikcom,"KSP memastikan kabar virus Corona varian Omicron sudah menginfeksi 4 orang di Cikarang Barat, Kabupaten Bekasi, adalah hoax atau tidak benar.  https://t.co/r8LFrRrI03",0
1.46789E+18,detikcom,"Terdakwa Adam Ibrahim divonis 4 tahun penjara terkait kasus hoax babi ngepet di Bedahan, Depok.  https://t.co/4OWEQW9vPE",0
1.4678E+18,detikcom,Polda Sulut memastikan isu soal penculikan anak adalah hoax. Polisi menyatakan hingga saat ini tak ada warga yang melaporkan kasus penculikan anak.  https://t.co/CnwsTkf6qa,0
1.46712E+18,detikcom,"""Jangan termakan isu-isu atau hoax atau berita-berita yang menyesatkan,"" kata Kepala BNPB, Letjen TNI Suharyanto.  https://t.co/qoSUUvQGa0",0
1.46639E+18,detikcom,"Berita hoax sangat sulit untuk dihilangkan. Namun sebagai masyarakat yang bijak, sebaiknya kenali sejumlah tanda untuk mengetahui mana berita hoax dan mana yang tidak.   https://t.co/ZhQxLASY8j",0
1.46427E+18,detikcom,Kementerian Komunikasi dan Informatika mengungkapkan hoax berkaitan virus Corona masih menyebar di jagat internet.  https://t.co/hfistb1nsm,0
1.4642E+18,detikcom,"Ketua DPC Forkabi Pondok Aren, Armin meminta maaf kepada polisi usai demo beberapa waktu lalu. Ia mengaku pernyataan soal temannya yang dimintai uang itu hoax.  https://t.co/TugtjVCw94",0
1.46309E+18,detikcom,JPU menolak pledoi yang diajukan terdakwa Adam Ibrahim dalam kasus hoax babi ngepet dan tetap menuntut Adam dengan hukuman 3 tahun penjara.   https://t.co/YQkvQi1Tga,0
1.46307E+18,detikcom,"JPU menyatakan tak sependapat dengan pledoi terdakwa kasus hoax babi ngepet, Adam Ibrahim. Menurut JPU kisah Nabi Ibrahim yang dibawa-bawa dalam pledoi tak memiliki kesamaan dengan perbuatan Adam Ibrahim!   https://t.co/fGpcnOInkb",0
1.47646E+18,detikcom,"Sunny Dahye melapor dugaan pengancaman dan penyebar hoax ke Polres Jakarta Utara. Kini, Sunny Dahye akhirnya menemukan penyebar hoax itu. #SunnyDahye   https://t.co/YQgAvvhREI",0
1.47571E+18,detikcom,"Baru-baru ini geger varian Corona 'Delmicron', gabungan varian Delta dan Omicron. Sudah dipastikan hoax, ternyata begini asal-muasal muncul kabar Delmicron.  https://t.co/HEMmAt6Dj2",0
1.47543E+18,detikcom,"Dunia dihebohkan dengan rumor tentang varian Delmicron yang disebut gabungan antara varian Delta dan Omicron. Namun ternyata, varian ini adalah hoax.  https://t.co/YvYb4UEYTf",0
1.47543E+18,detikcom,"Banyak yang menyangka Delmicron adalah varian Corona baru kombinasi Delta-Omicron. Nyatanya, varian Delmicron hoax belaka.   https://t.co/R1hv5FqVWm",0
1.47535E+18,detikcom,"Varian Delmicron mendadak jadi perbincangan, disebut-sebut gabungan dari COVID-19 varian Delta dan Omicron. Para pakar memastikan informasi ini adalah hoax.  https://t.co/uANi2axzDH",0
1.47523E+18,detikcom,"Varian Delmicron mendadak jadi perbincangan, disebut-sebut gabungan dari COVID-19 varian Delta dan Omicron. Para pakar memastikan informasi ini adalah hoax.  https://t.co/fjmtiSdd21",0
1.47511E+18,detikcom,Epidemiolog Universitas Griffith Dicky Budiman menegaskan kalau varian baru Delmicron atau gabungan varian Delta dan Omicron adalah hoax. Berikut pernyataannya.  https://t.co/eJef11gUjb,0
1.47191E+18,detikcom,Hoax menerpa Menteri Agama Yaqut Cholil Qoumas. Dia disebut-sebut mengelus pipi perempuan yang bukan muhrim. Tantri 'Kotak' pun membela.  https://t.co/6Zrg2WoGsA,0
1.46931E+18,detikcom,Dipastikan hoax! BNI tidak pernah memungut biaya apa pun dari pelamar atau menunjuk agen perjalanan mana pun dalam proses seleksi pegawai.  https://t.co/wO7D2nOF3p,0
1.46877E+18,detikcom,"Santer beredar informasi 4 kasus varian Omicron B.1.1.529 ditemukan di Bekasi, berdomisili di DKI. Dinkes membantahnya, menyebut berita tersebut sebagai hoax.  https://t.co/qbfxEDvEGA",0
1.46875E+18,detikcom,Isu empat warga DKI Jakarta kena Corona varian Omicron bikin heboh. Kepala Dinas Kesehatan Kabupaten Bekasi Sri Enny Mainiarti menegaskan kabar tersebut hoax.  https://t.co/UmSEXu9xXH,0
1.46851E+18,detikcom,"KSP memastikan kabar virus Corona varian Omicron sudah menginfeksi 4 orang di Cikarang Barat, Kabupaten Bekasi, adalah hoax atau tidak benar.  https://t.co/r8LFrRrI03",0
1.46789E+18,detikcom,"Terdakwa Adam Ibrahim divonis 4 tahun penjara terkait kasus hoax babi ngepet di Bedahan, Depok.  https://t.co/4OWEQW9vPE",0
1.4678E+18,detikcom,Polda Sulut memastikan isu soal penculikan anak adalah hoax. Polisi menyatakan hingga saat ini tak ada warga yang melaporkan kasus penculikan anak.  https://t.co/CnwsTkf6qa,0
1.46712E+18,detikcom,"""Jangan termakan isu-isu atau hoax atau berita-berita yang menyesatkan,"" kata Kepala BNPB, Letjen TNI Suharyanto.  https://t.co/qoSUUvQGa0",0
1.46639E+18,detikcom,"Berita hoax sangat sulit untuk dihilangkan. Namun sebagai masyarakat yang bijak, sebaiknya kenali sejumlah tanda untuk mengetahui mana berita hoax dan mana yang tidak.   https://t.co/ZhQxLASY8j",0
1.46427E+18,detikcom,Kementerian Komunikasi dan Informatika mengungkapkan hoax berkaitan virus Corona masih menyebar di jagat internet.  https://t.co/hfistb1nsm,0
1.4642E+18,detikcom,"Ketua DPC Forkabi Pondok Aren, Armin meminta maaf kepada polisi usai demo beberapa waktu lalu. Ia mengaku pernyataan soal temannya yang dimintai uang itu hoax.  https://t.co/TugtjVCw94",0
1.46309E+18,detikcom,JPU menolak pledoi yang diajukan terdakwa Adam Ibrahim dalam kasus hoax babi ngepet dan tetap menuntut Adam dengan hukuman 3 tahun penjara.   https://t.co/YQkvQi1Tga,0
1.46307E+18,detikcom,"JPU menyatakan tak sependapat dengan pledoi terdakwa kasus hoax babi ngepet, Adam Ibrahim. Menurut JPU kisah Nabi Ibrahim yang dibawa-bawa dalam pledoi tak memiliki kesamaan dengan perbuatan Adam Ibrahim!   https://t.co/fGpcnOInkb",0
1.46259E+18,detikcom,"Wakil Gubernur DKI Jakarta, Ahmad Riza Patria, mempersilakan MUI DKI membuat tentara siber untuk memerangi buzzer yang menyerang ulama dan Anies Baswedan. Riza menyebut saat ini memang hoax masih saja ada di media sosial.   https://t.co/ric7TIrfPt",0
1.46163E+18,detikcom,Wakil Presiden RI Ma'ruf Amin mengungkap penyebaran hoax atau berita bohong seperti deret ukur dalam logaritma. Simak pernyataannya:  https://t.co/lpnJ7KgeY3,0
1.46148E+18,detikcom,"Usai anggota Satpol PP Gowa pemukul pasutri saat razia PPKM ditetapkan tersangka dan dipenjara, giliran pasutri tersebut menjadi tersangka kasus hoax hamil.  https://t.co/xDDmeS9fah",0
1.46123E+18,detikcom,Pasutri Ivan (24) dan Amriana (34) yang viral karena dipukul anggota Satpol PP Gowa saat razia PPKM kini ditetapkan menjadi tersangka kasus hoax.  https://t.co/N78r4yKggV,0
1.46055E+18,detikcom,"Pengadilan Negeri Depok menggelar sidang pembacaan pledoi terdakwa kasus hoax babi Ngepet, Adam Ibrahim. Dalam pledoinya, pengacara Adam Ibrahim menyatakan menolak disamakan dengan kasus Ratna Sarumpaet.   https://t.co/M2UxX98WY4",0
1.45916E+18,detikcom,Beredar omongan yang diklaim dari Elon Musk sebagai orang terkaya di dunia. Dia disebut tak mau putrinya menikah dengan orang miskin. Hoax atau fakta?  https://t.co/BB7KLnapYD,0
1.45838E+18,detikcom,"Adam Ibrahim, terdakwa penyebar hoax babi ngepet di Depok dituntut 3 tahun penjara. Kedua anak terdakwa juga terpaksa putus sekolah karena terkendala biaya...  https://t.co/LNn3G1TdQv",0
1.45809E+18,detikcom,"Pengadilan Negeri Depok menggelar sidang tuntutan terdakwa Adam Ibrahim dalam kasus hoax babi ngepet, Selasa (9/11). Dia dituntut hukuman 3 tahun penjara oleh jaksa penuntut umum (JPU).   https://t.co/Qqir1EHV1T",0
1.45802E+18,detikcom,"Terdakwa Adam Ibrahim dituntut 3 tahun penjara terkait hoax kasus babi ngepet yang menyebabkan keonaran di Bedahan, Depok.  https://t.co/CV0DLXFu4t",0
1.45676E+18,detikcom,Kabar duka meninggalnya Vanessa Angel dan suaminya Febri Ardiansyah atau Bibi diwarnai hoax atau berita tidak benar. Soal apa?  https://t.co/iqeHQBAA6k,0
1.45659E+18,detikcom,Narasi yang mengiringi video tersebut dipastikan hoax.  https://t.co/VTCuIggh6n,0
1.45633E+18,detikcom,Giliran Melanie Subono yang kena kabar hoax meninggal dunia. Duh!   https://t.co/XIVEQQ8ZLR,0
1.45569E+18,detikcom,Terdakwa Adam Ibrahim menyesal telah menyebarkan berita bohong terkait hoax babi ngepet. Ia mengaku menyesal karena akibat perbuatannya 2 anaknya putus sekolah.  https://t.co/wcOpos98JR,0
1.45567E+18,detikcom,"Acha Septriasa yang kini tinggal di Australia jadi korban hoax meninggal. Belum lama, Acha mengungkapkan kerinduannya kembali ke dunia entertainment....   https://t.co/jaw45GdFrP",0
1.4555E+18,detikcom,Terdakwa Adam Ibrahim menyesal dan mengakui kesalahannya terkait penyebaran hoax babi ngepet di Depok. Adam pun buka-bukaan.  https://t.co/1QAnWu25fW,0
1.45542E+18,detikcom,Lagi-lagi artis diterpa kabar hoax artis meninggal dunia. Kali ini Acha Septriasa dikabarkan meninggal dunia karena judul salah satu video di YouTube. Duh!   https://t.co/mRbM9e0vGh,0
1.45407E+18,detikcom,"Uring-uringan dan sulit tidur gara-gara berita hoax dirinya meninggal dunia, Roy Kiyoshi ngaku sampai sempat berobat. Begini cerita dari sudut pandangnya:   https://t.co/jnTEKN2sN3",0
1.45142E+18,detikcom,Angelica Simperler jadi salah satu artis korban hoax meninggal dunia. Angelica jadi penasaran siapa pelakunya...   https://t.co/nyMMFhaNwS,0
1.45055E+18,detikcom,Masifnya internet membuat berita hoax juga semakin banyak. Ini cara mengeceknya apakah berita tersebut hoax atau benar.  https://t.co/6rBgM0HLez,0
1.45039E+18,detikcom,"Polisi telah menetapkan Direktur BSTV Bondowoso, Arief Zainurrohman (AZ), dan 2 anak buahnya sebagai tersangka penyebar hoax. Channel YouTube 'Aktual TV'.  https://t.co/hJi1pe7k9D",0
1.4503E+18,detikcom,"Viral kisah ayah menikahi teman sekelas anaknya. Kisah tersebut dianggap hoax karena mirip sinetron, nyatanya benar terjadi. Deretan foto ini buktinya:  https://t.co/FKFaU8HqIu",0
1.45008E+18,detikcom,"Meski vaksin Corona sudah ada, warga di negara ini masih ada yang percaya hoax. Begini faktanya:  https://t.co/XitDEv3DmN",0
1.44967E+18,detikcom,"Polres Metro Jakarta Pusat membongkar produsen hoax di YouTube Aktual TV. Salah satu tim kreator, yakni Ahmad Fandi. Tiap produksi, Fandi dibayar Rp 1 juta.   https://t.co/AWUQ1KhJvw",0
1.44938E+18,detikcom,"Arief Zainurrohman memproduksi hoax di akun Youtube 'Aktual TV'. Dia dibantu oleh 2 tim kreatornya, yang salah satunya Ahmad Fandi seorang penyiar radio.  https://t.co/hZ3HgTKnjs",0
1.44917E+18,detikcom,"Ada 700-an konten hoax dan SARA yang diproduksi oleh Arief dkk, termasuk soal Pangkostrad Letjen Dudung Andurrachman dan Kapolda Metro Jaya Irjen Fadil Imran.  https://t.co/fPpHwk9MzI",0
1.44914E+18,detikcom,Akun YouTube milik Direktur TV swasta lokal disita polisi atas kasus penyebaran hoax dan SARA. Akun 'Aktual TV' itu disebut bukan merupakan produk jurnalistik.  https://t.co/PkowwKXgZ8,0
1.44893E+18,detikcom,Polisi akhirnya mengungkap sosok direktur TV swasta yang ditangkap terkait postingan hoax dan SARA. Ia diketahui bernama Arief Zainurrohman.  https://t.co/tOCdV21syF,0
1.44863E+18,detikcom,Polres Metro Jakarta Pusat menangkap seorang direktur televisi swasta. Direktur televisi swasta itu ditangkap terkait dugaan penyebaran berita hoax.  https://t.co/MoJYiT2Iy0,0
1.448E+18,detikcom,MenPAN-RB Tjahjo Kumolo menjelaskan perihal insiden salah posting foto hoax 'Jalan Tol Cisumdawu' yang sempat dilakukannya beberapa waktu lalu. Apa katanya?  https://t.co/ieXOwniZrq,0
1.44786E+18,detikcom,"Tjahjo Kumolo sempat mengunggah foto yang ternyata hoax terkait tol Cisumdawu, Jawa Barat pada Minggu (10/10). Ini penjelasannya terkait foto tersebut!   https://t.co/Nn44VbhOK6",0
1.44532E+18,detikcom,Roy Kiyoshi murka dibilang telah menutup mata untuk selamanya. Ia mau proses pembuat konten hoax.  https://t.co/hofEKMPYGF,0
1.445E+18,detikcom,Ustaz Encep Zainal Muttaqin menjelaskan soal kasus hoax wali yang dilantik oleh Nabi Khidir dan Nyi Roro Kidul. Ia juga mengaku baru 3 bulan telanjang dada.  https://t.co/R1nmhIiCyT,0
1.44495E+18,detikcom,Warga pendatang mengungsi ke Polres setempat karena termakan berita bohong atau hoax.  https://t.co/AS12DLzs7A,0
1.44246E+18,detikcom,"Tukul Arwana sempat jadi korban hoax soal dikabarkan meninggal dunia. Sebagai sahabat, Vega Darwanti beri respons ini:   https://t.co/eyOW68Csld",0
1.44094E+18,detikcom,"Melalui wujud bela negara, sudah seharusnya masyarakat Indonesia menggunakan kemajuan teknologi untuk melawan hoax, radikalisme, intoleransi, kejahatan siber, korupsi serta terorisme untuk menjaga kesatuan di Indonesia.  #TeknologiUntukBelaNegaraIndonesia @terasnegeriku1  https://t.co/zJaAuccVwQ",0
1.4406E+18,detikcom,"Viral di media sosial, sebuah video menyebut layanan internet akan mati 6 hari akibat perbaikan kabel bawah laut. Waspada, jangan sampai termakan hoax!  https://t.co/NkzfMAuiKC",0
1.44055E+18,detikcom,Ivan Gunawan tak menyangka dirinya dikabarkan meninggal dunia oleh beberapa channel YouTube. Ini akun media sosial yang menyebar hoax tentang artis:   https://t.co/Efj3NoYTxK,0
1.44035E+18,detikcom,Ivan Gunawan jadi korban berita hoax meninggal. Faktanya ia tampak lebih bugar setelah turun puluhan kilogram. Ia buka-bukaan soal rahasianya tampil bugar.  https://t.co/NyhQ6t6y9h,0
1.44025E+18,detikcom,Ivan Gunawan jadi korban berita hoax meninggal. Faktanya ia tampak lebih bugar setelah turun puluhan kilogram. Ia buka-bukaan soal rahasianya tampil bugar.  https://t.co/1rx3aWn4ZQ,0
1.44023E+18,detikcom,Ivan Gunawan jadi korban berita hoax meninggal dunia oleh akun YouTube yang kini sudah tidak ada. Ivan mengunggah capture video tersebut ke Instagram-nya!   https://t.co/XhT72AG2O3,0
1.53849E+18,detikcom,"MotoGP Jerman 2022 berlangsung seru. Baru awal balapan ada bencana buat Ducati, Francesco Bagnaia jatuh!  https://t.co/A4Bp7SoKkJ",1
1.53849E+18,detikcom,"Sebuah mobil Damkar Pemkab Kediri alami kecelakaan saat hendak memadamkan kebakaran. Akibatnya, mobil itu oleng dan menabrak pagar sebuah sekolah dasar.  https://t.co/BFl7EVgMBE",1
1.53849E+18,detikcom,"Prakiraan cuaca besok sudah diumumkan oleh BMKG. Prakiraan cuaca besok berikut berlaku untuk wilayah Jakarta, Bogor, Depok, Tangerang, dan Bekasi.  https://t.co/sLuKbNXnQF",1
1.53849E+18,detikcom,Diri sendiri bisa menjadi musuh terbesar dalam kehidupan. Greysia Polii mengajarkan bahwa kita bisa melangkah maju ke depan dengan mempercayai diri sendiri. #LaporanInteraktif #CNNIndonesia #detiknetwork   https://t.co/YvrNX0K1UE,1
1.53849E+18,detikcom,"Buat detikers yang hendak terabas dengan menggunakan motor trail atau mau melakukan perjalan offroad, jangan sekali-kali menggunakan sandal jepit ya.  https://t.co/pOApUhkuKB",1
1.53849E+18,detikcom,Arab mengalami kekeringan paling intens selama ribuan tahun. Namun situasi ini memberikan kesempatan bagi Islam untuk berkembang pesat.   https://t.co/vwr4N1AO6E,1
1.53849E+18,detikcom,"Menteri Perhubungan Budi Karya Sumadi bersama Menteri UKM Teten Masduki membuka soft launching Stasiun Shelter Matraman di Kampung Melayu, Jakarta Timur, Minggu (19/6).   https://t.co/4qmY27ZdvP",1
1.53849E+18,detikcom,Bupati Lombok Tengah Lalu Pathul Bahri mendukung penuh pembangunan kereta gantung di bawah kaki Gunung Rinjani.  https://t.co/HrMBYhm78w,1
1.53849E+18,detikcom,Menteri Pariwisata dan Ekonomi Kreatif Sandiaga Salahudin Uno mengunjungi Kabupaten Garut.  https://t.co/KSVfMNWVgc,1
1.53849E+18,detikcom,Tiga capres 2024 telah diumumkan Partai NasDem pimpinan Surya Paloh. Ketiganya adalah tokoh dengan riwayat pendidikan mengesankan dan tentunya kompeten.  https://t.co/6u9w4jJjjB,1
1.53849E+18,detikcom,"Jepang mengumpulkan sejumlah negara Simposium Pemimpin Amfibi Pasifik (PALS) 2022 di tengah ketegangan dengan China, Korea Utara, dan Rusia.   https://t.co/OtgLtzpyOP",1
1.53849E+18,detikcom,"Sopir bus pariwisata berinisial AS (38) ditetapkan sebagai tersangka dalam kecelakaan beruntun di Banjar Pacung, Desa/Kecamatan Baturiti.  https://t.co/n9fyLI1kx5",1
1.53849E+18,detikcom,"Sejumlah fosil hewan purba seperti kura-kura hingga buaya ditemukan di Desa Jembarwangi, Kabupaten Sumedang. Berikut fakta-faktanya:   https://t.co/c9okMNqpBG",1
1.53849E+18,detikcom,Gibran Rakabuming ngaku disarankan oleh Ketum Partai Gerindra Prabowo Subianto untuk maju di Pilgub Jateng atau Pilgub DKI. Seberapa kuat Gibran di survei?  https://t.co/YKGBTqIvBC,1
1.53849E+18,detikcom,Sebetulnya penggunaan pakaian bekas dimulai dari gerakan donasi kegiatan keagamaan. Kok sekarang dibisnisin sihü§î  https://t.co/iq9tnxxLy3,1
1.53848E+18,detikcom,"Puluhan peselancar mencoba menaklukkan ganasnya ombak Pantai Parangtritis Bantul, Sabtu (18/6).   https://t.co/RJ3gzTvbS7",1
1.53848E+18,detikcom,"Viral video wanita bernyanyi merdu sambil 'ngef-fly' pasca operasi. Video tersebut dituding warganet dibuat oleh nakes tanpa izin, begini klarifikasi pasien:   https://t.co/ozcbphvMw0",1
1.53848E+18,detikcom,"Menteri Pertanian Syahrul Yasin Limpo heran dengan harga cabai dan bawang merah yang melonjak tinggi. Pasalnya, stok cabai di petani tergolong aman.  https://t.co/Wxsufff5fW",1
1.53848E+18,detikcom,Ramalan zodiak cinta Pisces hindari bicara tak tentu arah meskipun maksudnya mengajak dirinya berkomunikasi. Simak ramalan zodiak cinta hari ini:  https://t.co/kd8eZs0maF,1
1.53848E+18,detikcom,"Viral video wanita bernyanyi merdu sambil 'nge-fly' akibat bius pasca operasi. Ramai dipuji warganet, rupanya momen tersebut terjadi gegara sang pasien 'parno'.  https://t.co/Tan2hrBTCX",1
1.53848E+18,detikcom,"Gempa bermagnitudo 3 terjadi di barat daya Cilacap, Jawa Tengah, sore tadi. Berikut ini data terkait gempa tersebut.  https://t.co/r5DHkP7NR0",1
1.53848E+18,detikcom,Gibran Rakabuming Raka dapat wejangan dari Prabowo Subianto untuk maju Pilgub. Gibran juga disarankan hal yang sama oleh Megawati dan Puan Maharani.  https://t.co/KQzWI2TFaI,1
1.53848E+18,detikcom,"Mari angkat topi buat Pep Guardiola. Sejak berkarier sebagai pelatih di tahun 2008, Guardiola selalu bawa timnya finis di tiga besar!   https://t.co/ybr1ajo6e9",1
1.53848E+18,detikcom,"Bersih dan Indah, itulah kata yang terbersit jika mendengar Jepang. Tapi siapa sangka, negara ini punya kota yang sangat kumuh.  https://t.co/eYLdeEb049",1
1.53848E+18,detikcom,Tim bulutangkis Indonesia gagal di Indonesia Open 2022. PP PBSI menyoroti sejumlah hal yang harus dibehani.   https://t.co/f2tyeqZZZe,1
1.53848E+18,detikcom,Gibran Rakabuming Raka mengungkap fakta lain dari pertemuannya dengan Prabowo. Salah satunya saran Prabowo agar Gibran maju Pilgub DKI atau Jateng.  https://t.co/c9muTc9nyB,1
1.53848E+18,detikcom,"Rumah Nikita Mirzani dikepung pihak kepolisian pada 15 Juni 2022. Pukul 03.00 dini hari, rumah Nikita dikepung oleh petugas Polres Serang Kota.  https://t.co/eZG5JouCOB",1
1.53848E+18,detikcom,"""Jadi kalau di tentara ada follow me, kita penumpang kapal besar serahkan kepada pengemudi bagaimana komando Pak Jokowi,"" kata Moeldoko di Jepara.  https://t.co/76kwWjZW2J",1
1.53848E+18,detikcom,"Ganjar Pranowo bocorkan materi dalam sekolah politik PDIP yang diikutinya bersama kepala daerah seluruh Indonesia, termasuk Gibran Rakabuming Raka.   https://t.co/jcnemWFb2T",1
1.53848E+18,detikcom,"Setelah MotoGP Catalunya 2021 lalu baju balap Quartararo terbuka, kini pada seri MotoGP Jerman 2022 di Sachsenring giliran kaca helm Quartararo yang lepas.  https://t.co/YCYTgTPYIO",1
1.53848E+18,detikcom,Liu Yu Chen/Ou Xuan Yi meraih gelar juara ganda putra Indonesia Open 2022. Liu/Ou menang dua gim langsung atas Choi Sol Gyu/Kim Won Ho.  https://t.co/fZZyPlaUxY,1
1.53848E+18,detikcom,Kualitas udara di Jakarta masuk dalam tiga besar yang terburuk di dunia. Pejalan kaki hingga pengguna sepeda motor disarankan untuk menggunakan masker.  https://t.co/eRNdvrlK1m,1
1.53847E+18,detikcom,"Jembatan biasanya dibangun sebagai tempat penyeberangan manusia. Namun, sejumlah jembatan ini dibangun khusus untuk hewan lho. Ini fotonya:   https://t.co/3tkng9SDbc",1
1.53847E+18,detikcom,"Video wanita bernyanyi sambil 'nge-fly' pasca operasi viral di medsos. Dapat banyak respons positif dan tawa dari warganet, ternyata begini kisah di baliknya:   https://t.co/SmoyAYx1Z6",1
1.53847E+18,detikcom,"Soal hak paten di industri otomotif tidak main-main, sekali ada yang dinilai telah melakukan kejahatan pencurian ide, bisa langsung digugat.   https://t.co/y4n9hm0Hi9",1
1.53847E+18,detikcom,Pengadilan Negeri Jakarta Selatan menolak gugatan konsumen DFSK Glory 580 yang menuntut ganti rugi karena mobilnya tidak bisa menanjak. Ini awal mula kasusnya:   https://t.co/Hxa3LNBmgA,1
1.53847E+18,detikcom,"Hari Raya Idul Adha kurang dari sebulan lagi. Bagi umat muslim yang mampu, sangat dianjurkan membeli sapi, kambing/domba untuk jadi hewan kurban.   https://t.co/n2SvpnWPu9",1
1.53847E+18,detikcom,"Pria yang hendak meracik kuah sotonya, tanpa disengaja menuang sebotol kecap. Alhasil dia malah makan kecap pake soto. Aksinya pun bikin ngakak sekaligus sedih.  https://t.co/kkpMCjyMwO",1
1.53847E+18,detikcom,"Sebenarnya, keputusan LG yang menutup bisnis ponselnya tak bisa dibilang kabar mengejutkan, karena sejak bertahun lalu, bisnis ponselnya sudah babak belur.  https://t.co/9QhHkLwRpo",1
1.53847E+18,detikcom,"KPU menjelaskan kekurangan anggaran tahapan Pemilu 2024 sebesar Rp 5,6 triliun akan dibahas Kemenkeu usai penetapan PKPU Tahapan.  https://t.co/GWiv7I9AVY",1
1.53847E+18,detikcom,Warga sekitar meminta Tebet Eco Park nantinya menjadi lebih tertib usai ditutup sementara. Warga mengeluh kawasan itu jadi tak teratur saat dibuka.  https://t.co/GHsDFBKU0Y,1
1.53847E+18,detikcom,"Raffi Ahmad berikan kado istimewa untuk sang istri. Tak tanggung-tanggung, ia berikan Nagita Slavina mobil mewah Rolls Royce Phantom keluaran terbaru.   https://t.co/tHRSPWZoQp",1
1.53847E+18,detikcom,"Polisi mengamankan 11 orang anggota geng motor di Kota Tangerang, Banten, yang hendak tawuran. Mereka janjian akan tawuran lewat media sosial.  https://t.co/ri1om02nXX",1
1.53847E+18,detikcom,"Masyarakat Desa Adat Intaran, Denpasar, gelar aksi unjuk rasa. Mereka menolak rencana pembangunan terminal gas alam cair di kawasan mangrove Tahura Ngurah Rai.  https://t.co/yVK0F6BU3A",1
1.53847E+18,detikcom,Tahun 1983 sekitar 7-12 gerbong pasir Gunung Galunggung diangkut kereta dari Tasik ke Jakarta dari Stasiun KA Pirusa.  https://t.co/lMPxOOgFmJ,1
1.53847E+18,detikcom,"Konten kreator TikTok bernama Ilmon belum lama ini mukbang nasi Padang. Tak tanggun-tanggung, ia menghabiskan 2 bungkus dengan lauk rendang dan tunjang.   https://t.co/y6s9ExS74x",1
1.53847E+18,detikcom,"Saat pihak kuasa hukum Razman Nasution melakukan konferensi pers, selebgram Denise Chariesta muncul hingga keributan terjadi di antara mereka.   https://t.co/6Co42fOoJL",1
1.53847E+18,detikcom,Bagaimana syarat dan cara mengajukan bantuan pembangunan dan rehabilitasi masjid dan musala? Cek juga besar dana yang bisa didapat.  https://t.co/JRJUeGgB4H,1
1.53847E+18,detikcom,Paduai (90) menikahi kakak kandung mantan istrinya yang berusia 62 tahun lebih muda. Sang mantan istri ngaku turut bahagia.  https://t.co/YtRDAMKXUZ,1
1.53847E+18,detikcom,Petugas pemadam kebakaran berjuang mengendalikan api yang terus meluas di sejumlah wilayah Spanyol. Suhu panas pada Sabtu (18/6) capai 40-42 derajat Celcius.  https://t.co/sDVN0qVFiL,1
1.53847E+18,detikcom,"Untuk bikin paspor, traveler bisa mengambil nomor antrean melalui aplikasi M-Paspor. Bagaimana bila kantor imigrasi terdekat tidak ditemukan di dalam aplikasi?  https://t.co/NUMFpwnF0k",1
1.53847E+18,detikcom,"Turnamen futsal berujung tawuran depan kampus IT Telkom Purwokerto Banyumas, Sabtu (18/6). Sebanyak 41 orang yang sempat diamankan polisi sudah dipulangkan.  https://t.co/pfGuw8EjS2",1
1.53847E+18,detikcom,"Pertanyaan terkait penularan cacar monyet lewat seks menguat sejak virusnya ditemukan di air mani, bahkan jadi sorotan WHO. Begini anjuran pencegahannya:   https://t.co/E28eg7Z98n",1
1.53847E+18,detikcom,AS Roma menyambut musim baru dengan mendatangkan Nemanja Matic. Francesco Totti berikan penilaiannya untuk langkah mantan klubnya itu.  https://t.co/E5DqGY2OGe,1
1.53846E+18,detikcom,Link live streaming MotoGP Jerman 2022 bisa disaksikan di sini. Yamaha atau Ducati yang akan menang di race ke-10 musim ini? #MotoGP    https://t.co/frjRwFd20h,1
1.53846E+18,detikcom,STPeach atau nama aslinya Lisa Vannatta merupakan salah satu gamer terkenal. Ia punya jutaan follower. Ini potretnya saat bersama sang suami:  https://t.co/Rf8ij9xEQb,1
1.53846E+18,detikcom,"Viral video wanita bernyanyi merdu sambil 'ngef-fly' pasca operasi. Video tersebut dituding warganet dibuat oleh nakes tanpa izin, begini klarifikasi pasien.  https://t.co/VvfqX3VdFN",1
1.53846E+18,detikcom,Para tokoh Sunda mulai dari Ceu Popong hingga Iwan Bule alias Mochamad Iriawan kumpul di Bandung Barat. Apa yang dibahas?  https://t.co/0fo8PL6QdZ,1
1.53846E+18,detikcom,"PKB ingin 'menjodohkan' ketua umum partainya, Muhaimin Iskandar atau Cak Imin dengan Ketua Umum Partai Gerindra, Prabowo Subianto. Berapa elektabilitasnya?  https://t.co/Kxq7JP9mRc",1
1.53846E+18,detikcom,"DPD Gerindra Jatim merombak sejumlah pengurus DPC di Jatim. Ketua Gerindra Jatim, Anwar Sadad menyebut, ada 11 kepengurusan DPC yang dirombak.  https://t.co/9xr7SMqf0u",1
1.53846E+18,detikcom,Kisah petarung MMA Khalid Wilhelm Ott setelah menjadi mualaf jadi cerita inspiratif bagi Arie Untung dan siapapun yang membacanya.  https://t.co/IJxCSecpdW,1
1.53846E+18,detikcom,"Peristiwa tabrakan beruntun di jalur Denpasar-Singaraja, Bali menewaskan satu orang. Pihak keluarga menyatakan ikhlas dengan kejadian itu.  https://t.co/1pQ1YJq6Qc",1
1.53846E+18,detikcom,"Ini jadwal libur panjang kenaikan kelas. Siapin liburanmu dan keluarga dengan bijak ya, jangan sampai kejebak macet di jalan.  https://t.co/eZWKlnWsd0",1
1.53846E+18,detikcom,Pemerintah melaporkan tambahan kasus COVID-19 pada hari ini sebanyak 1.167 kasus. DKI Jakarta menjadi provinsi yang melaporkan penambahan kasus terbanyak.  https://t.co/kui5A4NkT4,1
1.53846E+18,detikcom,"Setelah enam episode berlalu, drama Korea Eve semakin seru untuk ditonton. Ini aksi nekat Seo Yea Ji dan 5 hal yang bikin drakor Eve makin seru:   https://t.co/iK7gcIjf2v  https://t.co/BAXRU9Gz6J",1
1.53846E+18,detikcom,"Empat hari berturut-turut kasus harian COVID-19 Indonesia tembus angka seribu. Penyebab pasti masih dipelajari, namun sejumlah dugaan mulai dapat dikerucutkan.  https://t.co/zQfB2Yir7I",1
1.53846E+18,detikcom,Grace Natalie menegaskan PSI tak akan mendukung Anies Baswedan maju sebagai capres pada Pemilu 2024.  https://t.co/qwCp6xtTqb,1
1.53846E+18,detikcom,Pasal penghinaan ke penguasa masih muncul di draf RKUHP versi tahun 2019. Ini deretan pasalnya:   https://t.co/1mqTRz9LYi,1
1.53846E+18,detikcom,OTK yang membacok anggota Brimob hingga tewas di Papua merampas dua senjata api. Polisi terus mengejar pelaku.  https://t.co/fEQIxv1oT6,1
1.53846E+18,detikcom,Yuta Watanabe/Arisa Higashino harus puas keluar sebagai runner up Indonesia Open 2022. Ganda Jepang ini akui lawan bermain sangat cepat.  https://t.co/CTaB8yOlOV,1
1.53846E+18,detikcom,Viktor Axelsen menjuarai Indonesia Open 2022. Pemain Denmark itu menang melawan Zhao Jun Peng dengan skor 21-9 dan 21-10.  https://t.co/aPH7vlGwfA,1
1.53846E+18,detikcom,"Sebelum tewas, Ni Wayan Wandani atau Bu Okta (30) sempat mendorong putrinya agar tidak tertabrak bus yang mengalami rem blong di jalur Denpasar-Singaraja.  https://t.co/xrKw3hBEHc",1
1.53846E+18,detikcom,Tidak semua penyakit penanganannya bisa dicover oleh BPJS Kesehatan. Ini 144 penyakit yang tercover oleh BPJS Kesehatan:   https://t.co/CtsejcVrsd,1
1.53846E+18,detikcom,"Keluarga korban meninggal dalam tabrakan beruntun di jalur Denpasar-Singaraja, Banjar Pacung, Desa/Kecamatan Baturiti, meminta perusahaan bus tanggung jawab.  https://t.co/sNIZyvu2qt",1
1.53846E+18,detikcom,"Sebuah mobil Toyota Innova Bernopol L 1261 IL warna hitam nangkring di atas pembatas dan menabrak pot-pohon kawasan Gunungsari. Akibatnya, lalin padat.  https://t.co/gWt4fyLxG6",1
1.53846E+18,detikcom,"Jika kamu masih penasaran dengan sifat dan kepribadianmu yang sesungguhnya, maka kamu bisa mencoba teskepribadian yang satu ini:   https://t.co/qw5kcW0Y0F",1
1.53846E+18,detikcom,"Aksi unjuk rasa memprotes kenaikan biaya hidup digelar di kawasan Dublin, Irlandia. Uniknya, terlihat dua ekor anjing ikut serta dalam demo itu. Ini fotonya:   https://t.co/t53uFkiUyu",1
1.53846E+18,detikcom,Dua pengendara mobil saling pukul di area parkir depan sebuah mal di Depok. Hal tersebut lantaran keduanya secara tak sengaja tabrakan.  https://t.co/ZPfuo2ArZP,1
1.53846E+18,detikcom,"""PSI tidak akan mendukung Mas Anies di Pilpres 2024. Kami memeluk teguh prinsip antiintoleransi dan antikorupsi,"" kata Grace Natalie.  https://t.co/DjkW5u8Q5q",1
1.53845E+18,detikcom,Kementerian Pertanian membuka pendaftaran beasiswa SDM Sawit 2022. Beasiswa ini terbuka bagi pekebun kelapa sawit hingga anggota koperasi perkelapasawitan.  https://t.co/u2o8evwrVq,1
1.53845E+18,detikcom,Final ganda putri Indonesia Open 2022 sajikan 'perang saudara' sesama pemain Jepang. Nami Matsuyama/Chiharu Shida menang lewat rubber game!  https://t.co/OtxqYGrOR8,1
1.53845E+18,detikcom,"Selama 5 hari berturut-turut, COVID-19 Indonesia bertahan di atas level seribu kasus per hari. Begini riwayat penambahan kasus dalam sepekan terakhir:   https://t.co/PMhvVT81rT",1
1.53845E+18,detikcom,"""Kita hati-hati jangan mudah terpancing, jangan grusu, jangan terburu soal calon presiden dan wakil karena masih ada waktu,"" kata Presiden Jokowi.  https://t.co/q7PxXrwLgM",1
1.53845E+18,detikcom,"Kasat Tahti Polrestabes Medan diperiksa berkali-kali oleh Propam Polda Sumut, terkait tewasnya Hendra dalam sel. Tahanan itu diduga tewas karena dianiaya.  https://t.co/CAFbDIfrkP",1
1.53845E+18,detikcom,Tembok antilongsor yang tengah dibangun di Kota Bogor ambrol. Tembok yang hampir jadi itu kini menumpuk di dasar tebing dan menutup sebagian aliran sungai.  https://t.co/1nBIY6pNqP,1
1.53845E+18,detikcom,"Untuk pertama kalinya, karakter TinyTAN BTS hadir dalam bentuk perhiasan. Menariknya, perhiasan tersebut dibuat oleh merek asal Indonesia.  https://t.co/3zflWqYBQJ",1
1.53845E+18,detikcom,"#FOTO Mobil listrik Tesla Blue Bird tampak menghiasi kawasan Sarinah, Jakarta. Ini penampakannya:   https://t.co/4StUEfJcBG",1
1.53845E+18,detikcom,"Patung Jenderal Sudirman di Dukuh Atas, Jakarta menjadi sasaran aksi vandalisme. Bagian keramik patung dicoret-coret ulah tangan jahil orang tak dikenal.  https://t.co/uXQfWRcPwl",1
1.53845E+18,detikcom,"Indonesia mencatat sebanyak 1.167 kasus baru COVID-19, Minggu (19/6/2022). DKI Jakarta menyumbang kasus terbanyak dengan jumlah 735.  https://t.co/2CyIZowtMO",1
1.53845E+18,detikcom,"Menu di Starbucks tak hanya itu-itu saja. Ada berbagai 'secret recipe' yang menarik dicoba, seperti 10 resep dari pencinta Starbucks ini:   https://t.co/ZkORLP5NzV",1
1.53845E+18,detikcom,Jadwal air mancur Lapangan Banteng kembali hadir setelah selama 2 tahun sempat tidak beroperasi. Kini pertunjukan air mancur ini akan kembali hadir.  https://t.co/WeuWlOi8b9,1
1.53845E+18,detikcom,"Seorang perempuan Pekerja Migran Indonesia (PMI) asal Cibeureum, Kota Sukabumi, Dedeh Kurniasih (35) meninggal di negeri Jiran, Malaysia.  https://t.co/GBxn9xxzIo",1
1.53845E+18,detikcom,"""Kondisi dunia kekurangan pangan krisis pangan, menanam bahan pokok mutlak harus dilakukan untuk memenuhi pangan yang kita butuhkan,"" kata Jokowi.  https://t.co/NL9P3wJ5IM",1
1.53845E+18,detikcom,Gubernur Jabar Ridwan Kamil membagikan momen liburan bersama Atalia Praratya dan kedua anaknya.  https://t.co/Iu8jPuQ44l,1
1.53845E+18,detikcom,Terasa lebih sering mengisi BBM? Yuk kenali ciri-ciri mobil mulai boros BBM:   https://t.co/uBe2xcPm5d,1
1.53845E+18,detikcom,"Jumlah kasus COVID-19 di Indonesia bertambah 1.167, Minggu (19/6/2022). Sementara itu pasien sembuh bertambah 632, meninggal 3.  https://t.co/Vx7exDr1lw",1
1.53845E+18,detikcom,"Rencana Gibran mengunjungi Ketum Gerindra Prabowo Subianto di Bukit Hambalang, Bogor, Jawa Barat akhirnya terlaksana. Rencana ini sudah tercetus sejak lama.  https://t.co/9FhGl66Dtv",1
1.53844E+18,detikcom,"Mengurus dua bayi sekaligus memanglah bukan perkara mudah. Namun, Mona Ratuliu sangatlah menikmati peran itu.   https://t.co/Q26q30nizN",1
1.53844E+18,detikcom,Tamara Bleszynski ramai dukungan usai tersandung kasus. Ia ngaku jadi korban penggelapan aset properti. Begini respons Tamara Bleszynski:   https://t.co/YTcueCw40a,1
1.53844E+18,detikcom,"Pernikahan adat Bugis-Makassar digelar meriah di New York, Amerika Serikat (AS) viral di media sosial.   https://t.co/Q60RCZeRva",1
1.53844E+18,detikcom,Allo Bank menawarkan diskon besar bagi penggunanya. Bagi para cowok yang ingin membeli pakaian maupun aksesoris ada banyak diskon selama periode 13-19 Juni.  https://t.co/4VHJj94CUG,1
1.53844E+18,detikcom,#FOTO Akhir pekan dimanfaatkan warga untuk olahraga atau sekadar habiskan waktu bersama keluarga. Ini potret aktivitas warga Ibu Kota saat akhir pekan:   https://t.co/odS0i443fL,1
1.53844E+18,detikcom,"Banyak kisah inspiratif dari perjalanan haji. Seperti kisah Moh. Ilyas, penjual aking yang bisa berangkat haji tahun ini:   https://t.co/xoglDi7aX1",1
1.53844E+18,detikcom,"Tidak ada makan siang gratis, begitu kata pepatah. Kejayaan Bill Gates jadi orang terkaya dunia berkat Microsoft bukan ditempuh dengan cara mudah. Ini rahasianya:   https://t.co/rTrCttDcmW",1
1.53844E+18,detikcom,Manchester City belum puas walau sudah datangkan Erling Haaland. Manajer Pep Guardiola masih mau menambal dua posisi di dalam tim dengan pemain-pemain baru!  https://t.co/kAkAbPMEpq,1
1.53844E+18,detikcom,"Peneliti dari Museum Geologi mengungkap dulunya Sumedang merupakan lembah muara dan rawa, hal itu terbukti dari penemuan fosil buaya dan kura-kura purba.  Via @detik_jabar  https://t.co/miTFbkOCTa",1
1.53844E+18,detikcom,"Situs bernama SocialSpy WhatsApp sempat jadi bahan perbincangan, karena dinarasikan bisa dipakai untuk menyadap percakapan WhatsApp orang lain.  https://t.co/xvbYkNDGkH",1
1.53844E+18,detikcom,"Pebalap Monster Energy Yamaha, Fabio Quartararo, menyebut MotoGP Jerman bakal menjadi salah satu seri MotoGP paling menantang musim ini.  https://t.co/27lqRZTpFg",1
1.53844E+18,detikcom,Link live streaming Trans7 untuk menyaksikan MotoGP Jerman 2022 bisa dilihat di sini: #MotoGP   https://t.co/L1GkE6UCU9,1
1.53844E+18,detikcom,Tanboy Kun dan Irfan Hakim akhirnya berdamai. Keduanya sudah bertemu dan tidak ada lagi dendam yang terpendam.  https://t.co/HC4FEyvTDE,1
1.53844E+18,detikcom,"Tebak-tebakan sederhana ini bisa mengolahragakan otak. Kalau badan masih mager, minimal otaknya dulu lah berkeringat. Yuk dicoba!  https://t.co/UWl4pEGwcT",1
1.53844E+18,detikcom,Sandara Park kini tengah berada di Dubai. Ia sedang berlibur dengan menginap di hotel mewah. Ini potretnya:   https://t.co/MkviQLe4pR,1
1.53844E+18,detikcom,Piala Dunia 2022 di Qatar akan berlangsung berbeda buat para fans dari berbagai belahan dunia. Salah satunya ancaman penjara bagi mereka yang kumpul kebo!  https://t.co/USQrcAQW47,1
1.53844E+18,detikcom,"Rizal Taofiq, bobotoh asal Tasikmalaya yang sempat dikabarkan hilang saat akan menyaksikan laga Persib Vs Persebaya sudah ditemukan.  https://t.co/UtbdZC914e",1
1.53844E+18,detikcom,Rodrygo mengungkap Neymar ingin mewariskan nomor punggung 10 di timnas Brasil. Neymar ingin Rodrygo memakai nomor itu ketika ia pensiun dari timnas.  https://t.co/fDgmjiU1o2,1
1.53844E+18,detikcom,Ganda campuran China Zheng Siwei/Huang Yaqiong menjadi juara Indonesia Open 2022. Keduanya kalahkan wakil Jepang Yuta Watanabe/Arisa Higashino dua gim langsung.  https://t.co/XzZe8HrrQK,1
1.53844E+18,detikcom,"Irfan Hakim dan Tanboy Kun akhirnya berdamai. Setelah mendapatkan peringatan dari Irfan Hakim, Tanboy Kun mendatangi rumah sang presenter.   https://t.co/h6jBITD36q",1
1.53843E+18,detikcom,"Balapan MotoGP Jerman 2022 akan digelar nanti malam, Minggu (19/6/2022). Link live streaming MotoGP Jerman bisa disimak di sini:   https://t.co/0qJdFviO2D",1
1.53843E+18,detikcom,Beberapa selebritas dunia ternyata ada yang dilarang masuk ke China. Pemerintah negara setempat melarang mereka dengan alasan tertentu. Ini daftarnya:   https://t.co/hN807r1GUF,1
1.53843E+18,detikcom,"Seri ke-10 MotoGP akan berlangsung di Sirkuit Sachsenring, Jerman, Minggu (19/6/2022) malam WIB. Saksikan live streaming MotoGP Jerman 2022 di sini:   https://t.co/pKj0vbBDCV",1
1.53843E+18,detikcom,Budaya thrifting alias belanja barang atau pakaian bekas telah berkembang sejak lama. Ini asal usul thrifting:   https://t.co/1yhYwz10xT,1
1.53843E+18,detikcom,"Seorang pria di Pondok Aren, Tangerang Selatan yang sedang memperbaiki toren air tewas karena tersetrum aliran listrik. Korban berinisial AH (63).  https://t.co/zTwb1AjF9V",1
1.53843E+18,detikcom,"2 siswa SD di Kabupaten Sinjai, Sulsel, meninggal tertimpa pohon kelapa. Insiden terjadi saat kedua kakak-beradik ini hendak menuju sekolah.  https://t.co/QFlXiN9R3h",1
1.53843E+18,detikcom,"Sebanyak 1.254 calon jemaah haji asal Sidoarjo mulai diberangkatkan. Dari jumlah tersebut, 54 jemaah menunda keberangkatannya.  https://t.co/ppSbDUqGyL",1
1.53843E+18,detikcom,"Donny Suhendra, gitaris legendaris Indonesia meninggal dunia. Para musisi berduka. Selamat jalan Donny Suhendra...   https://t.co/5DFZDHlaE6",1
1.53843E+18,detikcom,"Salah satu bentuk perayaannya, CT ingin mengundang masyarakat luas untuk makan malam dan berbincang secara langsung bersama dirinya.  https://t.co/KLs8T22xpG",1
1.53843E+18,detikcom,Peristiwa penemuan mayat hingga kebakaran dalam sepekan menyita perhatian pembaca. Simak di sini:   https://t.co/AE3YjVj3rW,1
1.53843E+18,detikcom,Satpol PP Jakarta Timur menurunkan sebuah spanduk berisi foto Gubernur DKI Anies Baswedan bersama seluruh Presiden Republik Indonesia.  https://t.co/ZPNwgwAqpa,1
1.53843E+18,detikcom,Mantan Direktur Persib Muhammad Farhan meminta PSSI objektif dalam melihat kasus meninggalnya dua Bobotoh.  https://t.co/MEUirpbx64,1
1.53843E+18,detikcom,"Elon Musk sangat aktif di Twitter, media sosial yang akan dibelinya. Dalam tweet barunya, ia menyinggung TikTok.  https://t.co/npcBmSnqIu",1
1.53843E+18,detikcom,"Prabowo Subianto mengajak anak Wali Kota Solo Gibran Rakabuming Raka, Jan Ethes Srinarendra berkuda di Bukit Hambalang.  https://t.co/pjovxZHuGf",1
1.53843E+18,detikcom,"Mantan menteri pariwisata, seni dan budaya Malaysia, Nazri Aziz panen hujatan di media sosial usai melontarkan komentar nyinyir 'banjir jadi daya tarik wisata'.  https://t.co/NUmz1k3S5q",1
1.53843E+18,detikcom,"Eks Kepala UPT Tanah Dinas Kehutanan DKI, HH ditetapkan sebagai tersangka kasus dugaan korupsi pembebasan lahan di Kecamatan Cipayung pada 2018.  https://t.co/avI1vhVXCz",1
1.53843E+18,detikcom,"Menparekraf Sandiaga Uno bertakziah ke rumah dinas Ridwan Kamil. Sandiaga mengaku kagum dengan sosok Eril, anak Ridwan Kamil.  https://t.co/yuFpV3c6Ze",1
1.53843E+18,detikcom,"Winger AS Roma, Nicolo Zaniolo, mengungkap Jose Mourinho mengajarinya banyak hal. Salah satu ajaran Mourinho yang paling penting adalah mengendalikan emosi.  https://t.co/mljyzUYAId",1
1.53843E+18,detikcom,Arya Saloka jadi sorotan gara-gara unggahan di media sosial miliknya yang menyindir soal profesionalisme di dunia akting. Sindir Amanda Manopo?  https://t.co/Jtem2wf6df,1
1.53843E+18,detikcom,Chairman CT Corp Chairul Tanjung mendapat kado istimewa dari Gubernur Jabar Ridwan Kamil di hari ulang tahunnya ke-60.  https://t.co/0rALpDDPH7,1
1.53843E+18,detikcom,"Presiden Real Madrid Florentino Perez kembali mengomentari Kylian Mbappe. Perez mengatakan, Mbappe pasti merasa menyesal karena memilih bertahan di PSG.  https://t.co/ppl9ReOQ7b",1
1.53843E+18,detikcom,Akhir kejayaan Nokia sebagai produsen ponsel terbesar di masa silam menghadirkan banyak momen menarik. Seperti momen bos Nokia ini:    https://t.co/EaRVo6MHEM,1
1.53842E+18,detikcom,"Beredar video yang menampilkan adegan mobil menyeruduk car wash hingga menabrak 2 perempuan serta seorang bocah. Disebut teradi di Ciracas, Jaktim.  https://t.co/3HbzJyEwjq",1
1.53842E+18,detikcom,Tai Tzu Ying tampil sebagai juara tunggal putri Indonesia Open 2022. Pebulutangkis peringkat dua dunia itu menang lewat rubber game atas Wang Zhi Yi.  https://t.co/Mr6brGhZ5q,1
1.53842E+18,detikcom,Rancangan KUHP masih menjadi misteri lantaran drafnya belum dibuka luas ke publik. Begini sikap MK soal delik penghinaan ke pemerintah:   https://t.co/Zakx0LJZ7f,1
1.53842E+18,detikcom,Gibran Rakabuming Raka berkuda bersama Ketua Umum Partai Gerindra Prabowo Subianto. Prabowo berterima kasih kepada Gibran karena telah mengunjunginya.  https://t.co/BiVWdX0OyI,1
1.53842E+18,detikcom,"Gubernur Jateng Ganjar Pranowo bicara soal insiden tewasnya dua Bobotoh di Gelora Bandung Lautan Api. Agar kejadian tak terulang, Ganjar beri saran ini:  https://t.co/7nXvjgwM2H",1
1.53842E+18,detikcom,Kapolri Jenderal Listyo Sigit Prabowo menegaskan pihaknya dalam waktu dekat akan menindaklanjuti hasil revisi Peraturan Kepolisian terkait peninjauan kembali sidang komisi etik Polri.  https://t.co/uaMTSs1gmz,1
1.53842E+18,detikcom,David Hasselhoff dikenal sebagai ikon serial Baywatch yang melegenda. Kini ia menikah untuk yang ketiga kalinya dengan Hayley Roberts. Ini potretnya:   https://t.co/YxVoUMOYYV,1
1.53842E+18,detikcom,Partai Demokrat mengibaratkan pertemuan PKB dan Gerindra terkait kerja sama Pilpres 2024 bak gadis yang dipaksa menikah oleh ortunya.   https://t.co/HyuwE9UFn8,1
1.53842E+18,detikcom,Winger muda Real Madrid Rodrygo Goes semakin mengilap di musim ketiganya. Rodrygo mengklaim pernah menolak tawaran bergabung Barcelona demi Madrid.  https://t.co/bk72dnqbW7,1
1.53842E+18,detikcom,"Ingat betapa hebohnya serial Squid Game hingga dinobatkan menjadi film terlaris sepanjang masa? Sekarang ada reality show-nya lho, berhadiah miliyaran!  https://t.co/bzQlGPHdUr",1
1.53842E+18,detikcom,"Pekan Raya Jakarta atau Jakarta Fair kembali hadir setelah 2 tahun pandemi. Kamu yang mau ke sana, jangan lupa beli tiket online supaya enggak ribet!  https://t.co/zKFqRiReZy",1
1.53842E+18,detikcom,"Beruang kutub biasanya menggunakan es laut untuk berburu. Tapi ternyata, ada kelompok yang menemukan cara lain untuk mendapatkan makanan.   https://t.co/kQ6v2oVjZa",1
1.53842E+18,detikcom,Musisi senior yang juga gitaris Krakatau Donny Suhendra meninggal dunia pada Minggu (19/6) di usia 62 tahun. Selamat jalan‚Ä¶  https://t.co/HkKNs9nN7J,1
1.53842E+18,detikcom,Momen libur sekolah paling enak dihabiskan dengan staycation bersama keluarga. Kamu yang menggunakan Allo Bank bisa dapatkan harga promo!  https://t.co/tp0NVsmqhn,1
1.53842E+18,detikcom,"Ratusan pesepeda nampak mencolok di Kota Brighton, Inggris. Mereka telanjang keliling kota untuk gelar aksi peduli lingkungan.  https://t.co/fIPfWrD9xZ",1
1.53842E+18,detikcom,Kementerian Pertanian melalui program Food Estate menjual bawang merah dan cabai-cabaian dengan harga murah. Serbuu!  https://t.co/hptH6pRZ2h,1
1.53842E+18,detikcom,BMKG mengungkap sejumlah faktor yang menyababkan kualitas udara di Jakarta beberapa hari belakangan ini. Ini penjelasan BMKG:   https://t.co/FbNQ6jjCpY,1
1.53842E+18,detikcom,Kapolri Jenderal Listyo Sigit Prabowo memastikan tindak lanjut Perkap yang akan jadi dasar PK atas putusan sidang etik AKBP Raden Brotoseno.   https://t.co/KeSKQD2sC2,1
1.53842E+18,detikcom,"Istilah 'friends with benefit' merupakan hubungan seks kasual tanpa komitmen dan tidak eksklusif. Meski tengah menjadi perbincangan publik, hubungan ini dinilai memiliki sisi gelapnya. #CNNIndonesia #detiknetwork   https://t.co/xKTHgpiy3B",1
1.53842E+18,detikcom,Pep Guardiola tak butuh waktu lama untuk mendapatkan pengganti Juanma Lillo di Manchester City. Dia adalah eks pesepakbola Italia Enzo Maresca.  https://t.co/aBTcDQ5btW,1
1.53842E+18,detikcom,Di STNK juga tertera informasi mengenai SWDKLLJ. Apa itu SWDKLLJ yang dibayarkan tiap tahun? Ini penjelasannya:   https://t.co/UI99Pm41Gf,1
1.53841E+18,detikcom,"Mengandung alkohol, bir tentu saja tidak memiliki sertifikasi halal. Namun bagaimana dengan bir pletok khas Betawi? Apakah bisa dapat sertifikasi halal?  https://t.co/g9bhgn4l2W",1
1.53841E+18,detikcom,"Meskipun kecil, jangan sepelekan sayap ayam. Jika dibumbui dan digoreng kering siapa saja bakal ketagihan, Dari sayap ayam ala Thai hingga lolipop. Ini resepnya:   https://t.co/2wZrcSZpe2",1
1.53841E+18,detikcom,"Final Indonesia Open 2022 dari ganda campuran dimenangi oleh pasangan China, Zheng Siwei/Huang Yaqion. Mereka kalahkan Yuta/Arisa dua gim langsung!  https://t.co/fzgbDTkJNE",1
1.53841E+18,detikcom,Dokter saraf mengingatkan risiko stroke bisa dialami siapa saja terutama yang memiliki faktor risiko seperti aneurisma. Salah satu tandanya sering sakit kepala.  https://t.co/gqsX7pjdcH,1
1.53841E+18,detikcom,"Pulau Dewata menawarkan banyak kuliner enak yang mudah diracik sendiri. Kalau mau bikin sendiri, contek 10 resep hidangan Bali di sini:   https://t.co/RJXle2fUr9",1
1.53841E+18,detikcom,"Kalau Indonesia punya kemacetan abadi Puncak, di Italia ada Amalfi Coast. Desa dengan pahatan tebing dan pemandangan laut eksotis jadi incaran turis.  https://t.co/MnL6pVtyNa",1
1.53841E+18,detikcom,"Chairman CT Corp Chairul Tanjung (CT) menemui Ridwan Kamil di Gedung Pakuan, Kota Bandung. CT menyampaikan duka kepada Ridwan Kamil.  https://t.co/eiXfY4hdjd",1
1.53841E+18,detikcom,"Pareidolia adalah fenomena seseorang sering melihat sosok wajah pada benda tertentu, salah satunya di makanan. Begini potretnya:   https://t.co/SS70qG6gwa",1
1.53841E+18,detikcom,"Saksikan live streaming MotoGP Jerman pada Minggu, 19 Juni 2022 Pukul 17.00 WIB hanya di detikcom. Ikuti juga kuis tebak podium MotoGP dan menangkan hadiahnya! Klik  https://t.co/xM5IaCfUlU  https://t.co/G6hz3vSOGs",1
1.53841E+18,detikcom,Soto Bandung buatan Vincero Social House disajikan berbeda dengan Soto Bandung pada umumnya. Bukan irisan daging sapi biasa melainkan dengan daging sirloin. Simak di sini.  Via @detik_jabar  https://t.co/Q3qAttCaV5,1
1.53841E+18,detikcom,"Jika travelers berencana untuk menginap di hotel, sebaiknya perhatikan hal-hal ini terlebih dulu:   https://t.co/2u4S3Kz5ly",1
1.53841E+18,detikcom,Nasib malang dialami penumpang disabilitas pria ini. Ia adalah pelanggan maskapai Inggris yang jatuh hingga tewas di eskalator Bandara Gatwick yang sibuk.  https://t.co/AK5qBTrZmT,1
1.53841E+18,detikcom,Kampus di Indonesia tengah membuka seleksi mandiri dan mematok biaya uang pangkal untuk calon mahasiswa baru. Salah satunya Unair.  https://t.co/5iqo5x16J1,1
1.53841E+18,detikcom,"Sosialita asal AS Erika Jayne hidup bergelimang harta, namun kini ia tersandung skandal pajak. Inilah potret gaya mewahnya:   https://t.co/OUdRdJ1tot",1
1.53841E+18,detikcom,"Satu dari empat lajang di Jepang tidak berminat menikah, menurut survei yang dilakukan badan pemerintah. Ada berbagai alasan yang mendasari keputusan tersebut:   https://t.co/X6sxCB8fPY",1
1.53841E+18,detikcom,"Masalah kecanduan makanan dialami beberapa orang. Pria Inggris ini, salah satunya. Selama 20 tahun terakhir, ia minum Pepsi hingga 30 kaleng setiap hari.  https://t.co/9SYX1vVvvk",1
1.53841E+18,detikcom,"Sejumlah peternak di Asahan, Sumut didatangi oknum petugas mengaku paramedis dari dinas untuk melakukan penyuntikan sapi dengan membayar sejumlah uang.  https://t.co/5EHVdZFkKC",1
1.53841E+18,detikcom,PPP berharap Panglima TNI Jenderal Andika Perkasa tidak tergoda dengan manuver partai politik.  https://t.co/5oPnMiMXab,1
1.53841E+18,detikcom,Teh dikenal sebagai minuman yang berkhasiat bagi kesehatan tubuh. Tetapi ada jenis-jenis teh yang memiliki manfaatnya tersendiri bagi wanita.  https://t.co/7M6LX2Sjzl,1
1.53841E+18,detikcom,Orang Korea terbiasa mengonsumsi nasi yang dicampurkan biji-bijian setiap harinya. Nasi Ini populer sebagai japgokbap atau ogokbap. Ini faktanya:  https://t.co/dA7kW3g8HM,1
1.5384E+18,detikcom,Pebalap Ducati Francesco Bagnaia akan start terdepan di balapan MotoGP Jerman 2022 tapi memiliki rekor buruk di Sachsenring.   https://t.co/NwpWECjxHc,1
1.5384E+18,detikcom,"Tabrakan beruntun terjadi di jalur Denpasar-Singaraja, Banjar Pacung, Desa Baturiti, Tabanan, Sabtu (18/6/2022). Satu unit bus pariwisata yang mengangkut rombongan pelajar dari Surabaya, Jawa Timur, menabrak belasan kendaraan mobil dan motor.  https://t.co/JE0CgRAzhZ",1
1.5384E+18,detikcom,"Kakek asal Kolaka Utara, Sulawesi Tenggara menikahi wanita berusia 28 tahun. Perempuan yang dinikahi adalah kakak kandung dari mantan istrinya.  https://t.co/qfNRoEBkUi",1
1.5384E+18,detikcom,"Gubernur Jawa Tengah, Ganjar Pranowo, diteriaki warga 'Halo Presidenku' saat jalan-jalan di CFD Kota Solo pagi ini.  https://t.co/u7AqbPf6xB",1
1.5384E+18,detikcom,Otoritas berwenang Amerika Serikat berhasil memenangkan pertarungan hukum di pengadilan. Mereka diperbolehkan menyita kapal yacht mewah milik Crazy Rich Rusia.  https://t.co/gimyCzDQ01,1
1.5384E+18,detikcom,Kisah sukses diet kerap mencuri perhatian. Netizen Twitter slythheryn bikin kagum karena berhasil turun 21 kg dengan tetap makan enak saat sedang diet.  https://t.co/CpIdwANJy2,1
1.5384E+18,detikcom,"#FOTO Momen tak terduga terjadi saat Presiden AS Joe Biden tengah bersepeda di area Pantai Rehoboth, Delaware. Ia jatuh saat hendak menyapa pendukungnya.  https://t.co/qXnQcRfub8",1
1.5384E+18,detikcom,Kualitas udara di Jakarta tercatat menjadi salah satu yang terburuk di dunia pada akhir pekan ini. Fraksi Gerindra DKI menilai hal ini perlu jadi perhatian.  https://t.co/sODdkE4hz2,1
1.5384E+18,detikcom,Sekretaris Jenderal NATO Jens Stoltenberg menyebut perang di Ukraina bisa berlangsung hingga bertahun-tahun lamanya.  https://t.co/VEBfZYMycJ,1
1.5384E+18,detikcom,Pria ini mengajak sang ibu tercinta malam mingguan dan menikmati waktu berdua sukses bikin warganet terharu...    https://t.co/3ZfBi6FgfT,1
1.5384E+18,detikcom,Kualitas udara Jakarta tercatat jadi salah satu yang terburuk di dunia pada sepekan terakhir. PDIP DKI menilai salah satu penyebabnya polusi kendaraan pribadi.  https://t.co/hxiBtImnwp,1
1.5384E+18,detikcom,"Iuran BPJS Kesehatan pada bulan Juli mendatang akan menerapkan prinsip gotong royong. Nantinya, tak akan ada lagi kelas 1,2 dan 3.  https://t.co/LTU1zw1dbO",1
1.5384E+18,detikcom,"Marvel Studios akan memproduksi serial Wonder Man, salah satu karakter komik yang bisa dikatakan tidak terlalu populer.   https://t.co/pWwMDZaUGo",1
1.5384E+18,detikcom,Kasus gugatan konsumen DFSK Glory 580 yang tak kuat menanjak sudah diputuskan. Pengadilan Negeri Jakarta Selatan menolak gugatan tersebut.  https://t.co/iqxB6Oi8Tu,1
1.5384E+18,detikcom,Social Engineering atau soceng kerap terjadi belakangan ini. Pelaku yang dikenal sebagai begal rekening menggunakan modus soceng untuk menguras harta korban.  https://t.co/bJk9Pytvof,1
1.5384E+18,detikcom,Kepala BMKG Dwikorita Karnawati bicara di forum Intergovernmental Oceanographic Commission-Executive Council ke -55 di Paris.   https://t.co/nN68Z5t1LU,1
1.5384E+18,detikcom,Grace Natalie menegaskan partainya tidak akan mendukung Gubernur DKI Jakarta Anies Baswedan maju sebagai capres pada Pemilu 2024.   https://t.co/zokfY8tf41,1
1.5384E+18,detikcom,Sopir Honda Jazz berinisial IAR (35) kini ditahan pihak kepolisian usai menabrak bocah berinisial AAR (5) hingga tewas di Jakarta Selatan. Ini faktanya:   https://t.co/hTXa2je6uS,1
1.5384E+18,detikcom,"Car Free Day di kawasan Sudirman-Thamrin, Jakarta, pagi ini diramaikan perempuan-perempuan berkebaya. Ini keseruannya:   https://t.co/uIpWleAmPU",1
1.5384E+18,detikcom,PKB kini menjalin hubungan dengan Gerindra usai menyatakan 'diam-diam pacaran' dengan PKS dan Demokrat. PKB bicara duet Prabowo-Cak Imin di Pilpres 2024.  https://t.co/SWtYGt5ZZE,1
1.5384E+18,detikcom,"Nelayan di Sumber Asih, Probolinggo, Jawa Timur menggelar kegiatan balap perahu. Warga pun antusias melihat ajang balapan perahu yang digelar rutin setiap tahunnya.  https://t.co/XSEJn7R3MW",1
1.5384E+18,detikcom,Fosil kura-kura dan buaya purba ditemukan di Sumedang. Peneliti pun melihat kemungkinan ditemukannya fosil manusia purba. Mungkinkah ada?  Via @detik_jabar  https://t.co/PYQ7L516Nz,1
1.53839E+18,detikcom,Sydney Sweeney membocorkan behind the scene adegan intim di serial Euphoria. Ia ngaku tak pernah merasakan ada tekanan atau keberatan.   https://t.co/LxLwTyUdC6,1
1.53839E+18,detikcom,Fakta-fakta seorang kakek di Tulungagung meninggal dunia secara mendadak di bekas lokalisasi Ngujang. Kakek berusia 59 tahun ini sempat muntah-muntah.  https://t.co/fJPgtRjBc9,1
1.53839E+18,detikcom,"Ketua Umum Gerindra Prabowo Subianto mengajari Wali Kota Solo Gibran Rakabuming berkuda di Hambalang. 7 tahun lalu, Jokowi juga pernah diajak berkuda Prabowo.  https://t.co/NvdYqkYmZh",1
1.53839E+18,detikcom,"Berdasarkan sejumlah metode pengelompokan negara paling pandai di dunia, inilah negara dengan IQ tertinggi:   https://t.co/f7P8z6bEi6",1
1.53839E+18,detikcom,"Berkaca dari meninggalnya dua Bobotoh, Ketum PSSI Mochamad Iriawan meminta panpel lebih sigap dalam menyelenggarakan pertandingan sepak bola.  https://t.co/Ym2CERBiou",1
1.53839E+18,detikcom,"Ketua Umum PKB, Muhaimin Iskandar atau Cak Imin bertemu dengan Ketua Umum Partai Gerindra, Prabowo Subianto. Pertemuan itu berlangsung di kediaman Prabowo, Jalan Kertanegara, Kebayoran Baru, Jakarta Selatan (Jaksel).  https://t.co/wV5GwOwMQ0",1
1.53839E+18,detikcom,Sejumlah destinasi di Jawa Barat cocok bagi traveler yang ingin merasakan sensasi berwisata anti mainstream yang butuh nyali ekstra.   https://t.co/hsWtgo0L8L,1
1.53839E+18,detikcom,"Berikut ini uang pangkal yang harus dibayarkan calon mahasiswa dari jalur seleksi mandiri ITB, IPB, dan Unair:   https://t.co/MnaTQXJyql",1
1.53839E+18,detikcom,"Kasus COVID-19 di Indonesia terus meningkat akhir-akhir ini. Bahkan, 4 hari berturut-turut, kasus COVID-19 di Indonesia di atas angka seribu.  https://t.co/2qzDbW6zft",1
1.53839E+18,detikcom,"Dalam rangka menyambut ajang G20, detikcom bersama Bank Indonesia menggelar ‚ÄòBI Stronger Fest Digital Illustration Competition‚Äô. - Yuk daftarkan diri kamu dan rebut hadiah uang tunai senilai total belasan juta rupiah + sertifikat dari Bank Indonesia! Klik:  https://t.co/g0gEaRGxED  https://t.co/X18HYVjoQe",1
1.53839E+18,detikcom,Balapan Jerman akan sangat penting untuk para pesaing Quartararo karena mereka butuh angka demi mendekati pebalap Yamaha itu. Selengkapnya simak infografis berikut   https://t.co/ltkOlzQwqj  https://t.co/Bf7EqXUPNn,1
1.53839E+18,detikcom,"""Sah saja Nasdem menyebut calonnya Pak Andika, kan inisiatif dari daerah,"" ujar Ketua DPP PKS Mardani Ali Sera.  https://t.co/OWalDvj9wJ",1
1.53839E+18,detikcom,Nikita Mirzani ngaku mendapat sejumlah teror aksi vandalisme di tempat usaha dan rumahnya. Rumahnya kerap kali diintai oleh orang tidak dikenal.   https://t.co/lMFrTOEfYo,1
1.53839E+18,detikcom,"Menhan Prabowo Subianto mengajari Gibran Rakabuming Raka berkuda. Di momen itu, Prabowo juga menghadiahi sepatu berkuda untuk Gibran dan Jan Ethes.  https://t.co/6D09Ipc8zu",1
1.53839E+18,detikcom,"Jadwal Grand Final MSC 2022 digelar sore hari ini, Minggu, 19 Juni 2022. Kembali mempertemukan dua tim kuat, RRQ Hoshi vs RSG PH. Berikut jam pertandingannya:   https://t.co/kiaGtH7kAA",1
1.53839E+18,detikcom,Prabowo menitipkan oleh-oleh untuk Jan Ethes ke Gibran. Menteri Pertahanan itu juga berpesan agar Jan Ethes diajak ke Hambalang untuk diajari berkuda.  https://t.co/93iHv6cG3l,1
1.53839E+18,detikcom,Nama Gubernur DKI Anies Baswedan masuk dalam tiga bakal calon presiden yang akan diusung Partai NasDem pada Pilpres 2024. Ini respons Anies:   https://t.co/W6kUQKdUgg,1
1.53839E+18,detikcom,Berikut kumpulan berita menarik selama sepekan. Dari rumah Nikita Mirzani yang dikepung polisi hingga udara Jakarta paling buruk nomor satu di dunia:   https://t.co/LsYDLksW9z,1
1.53838E+18,detikcom,"Cerita Paduai, kakek 90 tahun di Sulawesi Tenggara yang menikahi kakak kandung mantan istrinya berusia 28 tahun.  https://t.co/3RjB9ZOjqN",1
1.53838E+18,detikcom,Ini rangkuman kejadian heboh dan menarik yang terjadi dalam sepekan terakhir. Apa saja? Simak video berikut ini:   https://t.co/ROniiSGlQo,1
1.53838E+18,detikcom,"AC Milan bisa jadi gigit jari dalam upayanya mengejar Renato Sanches. Sebab, Rossoneri terlalu lama bernegosiasi dan Paris Saint-Germain siap menyalip.  https://t.co/F7CaCw0J5x",1
1.53838E+18,detikcom,Tradisi Mekotek sebagai penolak bala dilaksanakan di Desa Adat Munggu saat Hari Raya Kuningan.  https://t.co/e4NBOFA7M4,1
1.53838E+18,detikcom,"#FOTO Tak lagi berkepala pelontos dan wajah bersih, penampilan Zayn Malik membuat kaget para penggemarnya. Ini penampilan Zayn Malik:   https://t.co/ZQlKmovLsc",1
1.53838E+18,detikcom,"Usai memberikan klarifikasi kepada awak media, Nikita Mirzani cekcok dengan oknum tak dikenal yang menyambangi kediaman pribadinya. Ini kata pengacara:   https://t.co/7hTEQtT5OL",1
1.53838E+18,detikcom,"Gubernur Jawa Tengah Ganjar Pranowo masuk bursa calon presiden yang akan diusung NasDem. ""Opo meneh, wong aku PDI,"" jawab Ganjar.  https://t.co/dI8nJR7k3l",1
1.53838E+18,detikcom,"Andi Malewa adalah musisi jalanan yang terusik akibat peraturan daerah di kota Depok, Jawa barat. Merasa terdiskriminasi, ia dirikan komunitas yang menaungi orang yang berprofesi sebagai musisi jalanan.   https://t.co/nUzJwm1D7h",1
1.53838E+18,detikcom,"Ketum PKB Muhaimin Iskandar bertemu Ketum Gerindra Prabowo Subianto di Kertanegara, Sabtu (18/6) malam. Ini momen pertemuan mereka:   https://t.co/oHUOAaYk1l",1
1.53838E+18,detikcom,"Presenter Altaf Vicko resmi menikah. Ia mempersunting kekasihnya, Shahnaz Anindya. Selamat!  https://t.co/q7kuJrJH7t",1
1.53838E+18,detikcom,"Priyanka Chopra baru saja merayakan ulang tahun ibunya, Dr Madhu Chopra, pada 16 Juni. Ia posting foto langka ke akun media sosialnya:   https://t.co/bFgBpYCJ0W",1
1.53838E+18,detikcom,"Presiden AS Joe Biden jatuh saat bersepeda di taman kota dekat kediamannya di Rehoboth Beach, Delaware. Begini kondisinya:   https://t.co/b9EcPEqWWP",1
1.53838E+18,detikcom,Seorang wanita yang berprofesi sebagai dokter rumah sakit di Gunungkidul digerebek warga saat berduaan dengan pria. Ini informasi selengkapnya:  https://t.co/ULwRmmis8o,1
1.53838E+18,detikcom,Fakta-fakta seorang kakek di Tulungagung meninggal dunia secara mendadak di bekas lokalisasi Ngujang. Kakek berusia 59 tahun ini sempat muntah-muntah.  https://t.co/7ellnxSazM,1
1.53838E+18,detikcom,Kafe bertema industrial vintage di Surabaya ini punya nuansa klasik di dalamnya. Pengunjung akan dibuat nyaman saat nongkrong sambil menikmati sajian menunya.  https://t.co/KMjKqGpa8Q,1
1.53838E+18,detikcom,Pandemi black death di abad ke-14 menyisakan misteri. Sampel DNA kuno dari Asia Tengah beri petunjuk asal-usul wabah paling mematikan dalam sejarah itu:   https://t.co/z8nhjyamVr,1
1.53838E+18,detikcom,Ketua DPP Bidang Politik PDIP Puan Maharani menyebut hasil Rakernas NasDem yang mengusung nama Ganjar Pranowo menjadi bakal capres 2024 biasa saja.  https://t.co/gcgZ1G0pi1,1
1.53838E+18,detikcom,Kualitas udara Jakarta tercatat jadi salah satu yang terburuk di dunia sepekan terakhir. DLH DKI menepis gelar 'juara dunia' dalam hal buruknya kualitas udara.  https://t.co/1TugmMtXBi,1
1.53838E+18,detikcom,"NasDem mengumumkan tiga nama bakal capres 2024. Mereka adalah Ganjar Pranowo, Anies Baswedan, dan Jenderal Andika Perkasa. Ini elektabilitas ketiganya:   https://t.co/MrMfaBXeJW",1
1.53838E+18,detikcom,Momen libur sekolah sudah di depan mata dan staycation jadi salah satu tren menikmati liburan. Simak deretan tips saat staycation ini:   https://t.co/vr4TKbMrpH,1
1.53838E+18,detikcom,CDC di AS akhirnya mengeluarkan rekomendasi vaksin COVID-19 untuk usia 6 bulan hingga 5 tahun. Jenis vaksin yang digunakan adalah Moderna dan Pfizer.  https://t.co/SDEna8gVCl,1
1.53838E+18,detikcom,"Walau masih dalam proses membeli Twitter, Elon Musk seakan sudah menghadirkan mimpi buruk pada para karyawan. Hmm...   https://t.co/2nUYBiMV8M",1
1.53837E+18,detikcom,Mantan pelatih Persib Bandung Mario Gomez menanggapi meninggalnya dua Bobotoh. Ia menyampaikan duka melalui unggahan video.  https://t.co/XgacbH4FkB,1
1.53837E+18,detikcom,Misi probe Change 5 China membawa sampel tanah dari Bulan. Hasil penelitian menunjukkan bahwa ada kandungan air di sampel tanah tersebut.  https://t.co/NTlDLB9i3k,1
1.53837E+18,detikcom,#FOTO Sejumlah artis Korea ini dinilai memiliki wajah lokal dan mirip orang Indonesia. Tak jarang penggemar melihat kemiripannya dengan artis Indonesia:   https://t.co/YHTjUPVQtW,1
1.53837E+18,detikcom,"Kehilangan kaki kanan karena kecelakaan tak membuat Sugeng Siswoyudono (60) patah semangat. Dengan gigih, Sugeng punya bengkel kaki palsu untuk disabilitas.  via @detik_jatim  https://t.co/i7PytKpS7E",1
1.53837E+18,detikcom,"Kiper Chelsea Edouard Mendy akui terpengaruh dengan kegagalannya di Ballon d'Or 2021. Walau demikian, Mendy tetap puas dengan dengan kariernya.  https://t.co/tpMpyDuvXW",1
1.53837E+18,detikcom,Polisi masih memeriksa dua orang terkait acara bermuatan sensual 'Bungkus Night' di Jakarta Selatan. Polisi menyelidiki acara itu tak dilakukan pertama kali.  https://t.co/aKlbZZ5vFR,1
1.53837E+18,detikcom,"Phoebe Gates, putri bungsu Bill Gates, dalam postingan terbarunya di media sosial tampil berani menggunakan bikini. Hal itu dia lakukan karena sebuah keresahan ini:   https://t.co/c7U8tL7yF7",1
1.53837E+18,detikcom,"Ketika cerai dari Ben Kasyafani, Marshanda tidak mendapatkan hak asuh anak. Ternyata ini alasannya:   https://t.co/X9LHwXuZ9G",1
1.53837E+18,detikcom,Ramalan zodiak Aquarius ada saja pengeluaran di hari ini yang tidak disangka-sangka sebelumnya. Berikut ramalan zodiak hari ini:  https://t.co/2sSzKdGbK8,1
1.53837E+18,detikcom,"#FOTO Ini cerita tentang Kampung Gabus yang dikenal dengan Rumah Jawara di Bekasi. Dulu dikenal premanismenya, kini berubah menjadi kampung aman, tentram dan nyaman.  https://t.co/8TuiMUwVeP",1
1.53837E+18,detikcom,"Arkana Aidan Misbach, anak bungsu Ridwan Kamil dan Atalia menjadi pelipur lara selepas kepergian Emmeril Kahn Mumtadz. Lihat foto-foto Arkana di sini. #detiknetwork   https://t.co/D8JQoJRdYC",1
1.53837E+18,detikcom,Pemprov DKI Jakarta memperbolehkan PKL berjualan di dalam kawasan car free day pekan ini.  https://t.co/RfcE7GeeeU,1
1.53837E+18,detikcom,"Eddie Nketiah adalah masa depan Arsenal. Oleh karenanya, The Gunners memberinya kontrak baru berdurasi panjang.  https://t.co/3RjrXt7F1R",1
1.53837E+18,detikcom,"PKS  disebut diam-diam tengah melakukan penjajakan untuk berkoalisi dengan PKB, tak mau ambil pusing atas pertemuan PKB dan Partai Gerindra.  https://t.co/Y1XANvcu7u",1
1.53837E+18,detikcom,"Kakek di Tulungagung meninggal dunia secara mendadak. Saat meninggal, ia berada di bekas lokalisasi Ngujang. Ia muntah-muntah saat hendak berhubungan intim.  via @detik_jatim  https://t.co/hUIBCHHxWU",1
1.53837E+18,detikcom,Polisi telah mengamankan dua orang terkait viral acara berbau sensual bertajuk 'Bungkus Night' di Jakarta Selatan. Saat ini keduanya masih dalam pemeriksaan.  https://t.co/sU7eTAaHCq,1
1.53837E+18,detikcom,Francesco Bagnaia menjadi yang tercepat dalam kualifikasi MotoGP Jerman 2022. Fabio Quartararo dan Johann Zarco lengkapi baris depan di posisi kedua dan ketiga.  https://t.co/Fat1K3IMSy,1
1.53837E+18,detikcom,"Gempa bermagnitudo 2,6 terjadi di Ambarawa, Kabupaten Semarang dini hari tadi. BMKG menjelaskan jenis gempa itu dangkal akibat adanya aktivitas sesar lokal.  https://t.co/1CtFsDUOyl",1
1.53837E+18,detikcom,Arus lalu lintas di Jalur Puncak pagi ini masih ramai lancar. Polisi baru akan mulai menerapkan one way dari Puncak ke arah Jakarta siang ini.  https://t.co/ZD290yfXGP,1
1.53837E+18,detikcom,"Walau sudah memiliki dua anak, penampilan Sandra Dewi masih terlihat menawan. Ini penampilan Sandra Dewi 13 tahun yang lalu:   https://t.co/izBG5rqhWm",1
1.53837E+18,detikcom,Ganjar Pranowo masuk dalam bakal calon presiden yang akan diusung NasDem pada Pilpres 2024. Ganjar dinilai akan sulit keluar dari PDIP.  https://t.co/WXhNVM3lpO,1
1.53837E+18,detikcom,"Setelah bertemu Ketum PDIP Megawati Soekarnoputri, Gibran menemui Ketum Gerindra Prabowo Subianto esok harinya.  https://t.co/lnWr4JsGGv",1
1.53837E+18,detikcom,"Wali Kota Solo Gibran Rakabuming menemui Ketum PDIP Megawati Soekarnoputri. Dalam silaturahmi itu, Gibran ditemani oleh Ketua DPR RI Puan Maharani.  https://t.co/NlYpTigrrs",1
1.53836E+18,detikcom,Bengkel kaki palsu Than Must Soegeng Mirtha Production di Mojokerto bisa jadi pilihan bagi penyandang disabilitas. Bengkel itu milik Sugeng Siswoyudono (60).  https://t.co/tnr875VBWg,1
1.53836E+18,detikcom,Wanita ini mengungkapkan kisahnya yang bikin hati pilu. Saat hamil ia ditampar dan ketika anaknya lahir suaminya malah menceraikannya.  https://t.co/UdZELe6Z0Z,1
1.53836E+18,detikcom,"Selain dijuluki 'Kota Angin', Kabupaten Majalengka juga kerap dijuluki 'Kota Pensiun'. Ini asal-usul dari julukan tersebut:   https://t.co/gKUwctyb43",1
1.53836E+18,detikcom,"Sebatang pohon pisang di Kabupaten Asahan, Sumut, tumbuh dengan cara tak biasa. Buahnya hidup dan masuk ke dalam batang pohonnya.  https://t.co/okxZzGEWEf",1
1.53836E+18,detikcom,Gagal jantung merupakan kondisi otot jantung yang tidak dapat berfungsi dengan normal. Beberapa kasus gagal jantung tidak bisa pulih 100 persen. Ini faktanya:   https://t.co/tX3DUpNwEx,1
1.53836E+18,detikcom,"Gubernur Jateng Ganjar Pranowo hadir di Solo Car Free Day, hari ini. Dalam kesempatan itu ada warga yang meneriakkan sapaan ke Ganjar, ""Halo presidenku.""  https://t.co/FrivzXs8AR",1
1.53836E+18,detikcom,Nikita Mirzani kemarin heboh dikabarkan jadi tersangka dari kasus pencemaran nama baik. Ia ngaku akan fokus usut soal hebohnya surat tersebut.  https://t.co/FmMI8vK366,1
1.53836E+18,detikcom,"Sadio Mane meninggalkan Liverpool sebagai legenda, untuk bergabung dengan Bayern Munich. Linimasa ramai dengan berbagai ucapan yang menyentuh.  https://t.co/yj5D6UhOMr",1
1.53836E+18,detikcom,#FOTO Lukisan kaca Nagasepaha karya seniman Bali I Ketut Santosa menarik minat banyak kalangan hingga tembus ke pasar internasional. Ini potretnya:   https://t.co/hqSadVMJpT,1
1.53836E+18,detikcom,Mona Ratuliu memutuskan merawat keponakannya yang bernama Balint. Ini cerita Mona Ratuliu yang jadi ibu susu bagi sang keponakan:   https://t.co/bUym4WE0Rt,1
1.53836E+18,detikcom,Nama Nikita Mirzani kembali dibicarakan pekan ini gara-gara surat penetapan jadi tersangka atas kasus pencemaran nama baik.   https://t.co/8XjzMkgeX6,1
1.53836E+18,detikcom,Penampilan baru Zayn Malik membuat mantan personil One Direction itu hampir tidak bisa dikenali. Begini penampilan Zayn Malik:   https://t.co/XG0RpgXu3C,1
1.53836E+18,detikcom,"Fans Chelsea jangan berharap banyak soal aktivitas tim di bursa transfer. Sebab, The Blues enggan belanja jor-joran demi menghormati Financial Fair Play.  https://t.co/XASS3vwwAw",1
1.53836E+18,detikcom,Pakar seks dr Boyke Dian Nugraha berikan penjelasan akibat melakukan seks bebas maupun fenomena FWB di Indonesia. Ini kata dr Boyke:   https://t.co/oOxKCzJKaO,1
1.53835E+18,detikcom,"Indonesia Open 2022 memasuki babak final, Minggu (19/6/2022). China mendominasi dengan menempatkan empat wakilnya di empat sektor.  https://t.co/KHF3wtwDhd",1
1.53835E+18,detikcom,Jaksa menyebut Anhaf alias Erayani terancam pidana 10 tahun penjara. Erayani duduk di kursi pesakitan atas kasus penipuan gelar akademik.  https://t.co/lD6rYkqqWT,1
1.53835E+18,detikcom,Nicky Wu dikenal sebagai salah satu aktor yang sangat tampan pada era 90-an. Namun kini penampilannya malah dikritik oleh para netizen. Kenapa ya?ü§î   https://t.co/hiIVR7Dkx2,1
1.53835E+18,detikcom,"Kedatangan Erik ten Hag boleh jadi bikin para pemain Manchester United lebih pede, termasuk Raphael Varane. Ia tak sabar memulai musim bersama Ten Hag.  https://t.co/EUjLVRbS21",1
1.53835E+18,detikcom,PKB 'malam mingguan' bareng Gerindra untuk menjalin kerja sama dengan Partai Gerindra dalam menghadapi Pemilu 2024.  https://t.co/D31URXTHdg,1
1.53835E+18,detikcom,"#FOTO Triops adalah hewan unik, bermata tiga, dan makhluk zaman purba yang masih hidup hingga sekarang. Ternyata, hewan ini juga dipelihara manusia.  https://t.co/u7JNL1IOip",1
1.53835E+18,detikcom,Pemain Liverpool Mohamed Salah bukan hanya gigit jari usai gagal balas dendam pada Real Madrid. Salah juga bermain dengan cedera di final Liga Champions.   https://t.co/3CqlRnXp1W,1
1.53835E+18,detikcom,"Antoine Griezmann harus lekas perbaiki performanya jika tidak ingin kehilangan tempat di Timnas Prancis. Sebab, ada Christopher Nkunku yang mengancam.  https://t.co/9yAHl8AwWC",1
1.53835E+18,detikcom,Gubernur Jawa Tengah Ganjar Pranowo merespons hasil Rakernas NasDem sebagai salah satu kandidat bakal capres 2024. Ini kata Ganjar:   https://t.co/uJtYXbypOs,1
1.53835E+18,detikcom,"Fenomena Friends with Benetifs jadi perbincangan. Hubungan seks tanpa komitmen diam-diam ngetren di kalangan kaum muda. Awas, banyak ruginya lho!  https://t.co/t92rOgkvyo",1
1.53835E+18,detikcom,"Seandainya dahulu Nokia cekatan langsung memakai sistem operasi Android, barangkali nasibnya bisa jauh berbeda. Ini skenario kalau dulu Nokia pakai android:   https://t.co/JCEWw6fXys",1
1.53834E+18,detikcom,"Tebet Eco Park, Jakarta Selatan ditutup sementara usai belum lama dibuka pasca-renovasi. Penutupan dilakukan karena taman itu akan dijadikan zona emisi rendah.  https://t.co/dwnxNVaPw7",1
1.53834E+18,detikcom,Laga lanjutan Piala Presiden 2022 antara Persib Bandung melawan Persebaya Surabaya di Stadion GBLA menelan korban jiwa. Begini kronologinya:   https://t.co/6HcwM40cZe,1
1.53834E+18,detikcom,Kisah rumah tangga Ronal Surapradja dan Seruni kian panas dengan argumen masing-masing. Seruni ingin lebih dulu cerai gegara KDRT.  https://t.co/tFjoyAPZ1G,1
1.53834E+18,detikcom,Ada sejumlah cairan di dunia ini yang memiliki nilai tukar fantastis. Bahkan hanya beberapa ukuran mili saja cairan ini bisa dibanderol dengan harga miliaran. #CNNIndonesia #detiknetwork   https://t.co/GIYbiB38Bt,1
1.53834E+18,detikcom,"Produksi berlimpah daun ganja dimanfaatkan seorang petani sebagai makanan ayam. Hasilnya, diklaim membuat ayam lebih sehat dan dagingnya lebih bergizi.  https://t.co/49HT3NOBpV",1
1.53834E+18,detikcom,"Berbarengan dengan masuknya BA.4 dan BA.5, Indonesia mencatatkan kenaikan kasus di atas seribu 4 hari berturut-turut. Ini situasi COVID-19 global terkini:   https://t.co/695LbbBThA",1
1.53834E+18,detikcom,Seorang gadis di Pemalang ceritakan pengalaman stroke hingga koma di usia 21 tahun. Ia menyebut salah satu pemicunya adalah begadang. Ini kata dokter:   https://t.co/Ar9498WQT0,1
1.53834E+18,detikcom,Chen Kaishi yang dikenal dengan Gu Yazhen memang berakting total di Kungfu Huslte. Ini penampilannya sekarang:   https://t.co/XO5CQgOlt1,1
1.53834E+18,detikcom,Aksi Christina Aguilera usai penampilannya di L.A Pride pakai dildo hijau bertabur berlain di panggung tuai cibiran.   https://t.co/NWxwLKEdkN,1
1.53833E+18,detikcom,Almaratu Intan bicara soal Caisar Aditya yang mencabut gugatan cerai. Ia menekankan ingin tetap berpisah dari sang komedian.  https://t.co/LZuMqHmcmB,1
